,model,threshold,n_hosp_mode,n_prescription_mode,avg_max_unfairness_risk,avg_mean_unfairness_risk,initial_unfairness_risk,avg_max_gap_tpr,avg_mean_gap_tpr,initial_gap_tpr,avg_max_gap_fpr,avg_mean_gap_fpr,initial_gap_fpr,avg_max_gap_precision,avg_mean_gap_precision,initial_gap_precision,avg_max_gap_f1,avg_mean_gap_f1,initial_gap_f1,avg_max_gap_accuracy,avg_mean_gap_accuracy,initial_gap_accuracy,avg_utility_tpr,avg_utility_fpr,avg_utility_precision,avg_utility_f1,avg_utility_accuracy,n_traces
0,xgboost,0.3,expectation,expectation,0.034325577318668365,0.01860945113003254,0.0011719241738319397,0.11671846671846672,0.08354242424242424,0.10334110334110336,0.04514850559842658,0.02914355315191251,0.004772349190393904,0.03925185822939183,0.029811071002810365,0.036744219596716754,0.054176703948994945,0.04573518138970779,0.04128730900166255,0.04380838599445711,0.026333853409469275,1.127365334552266e-05,0.7541506591337098,0.22101487127221162,0.08184281536548778,0.1458201035279377,0.7784142090224262,10
1,xgboost,0.4,expectation,expectation,0.03418987989425659,0.01847929321229458,0.0011719241738319397,0.1292670292670293,0.1029998186998187,0.10787360787360789,0.04449389171345649,0.025983888964289104,1.8857076317359278e-05,0.052040318264309805,0.038508333916282146,0.03317493698929219,0.06168309698311002,0.05032190826246903,0.01910753938881249,0.0413550672087586,0.021946517366520396,0.005875366928780101,0.6714335216572505,0.1459822395533301,0.11190125557141291,0.18724188621487636,0.8498203307645685,10
2,xgboost,0.45,expectation,expectation,0.03406171873211861,0.018439335748553276,0.0011719241738319397,0.14125874125874124,0.11373237503237502,0.11344211344211344,0.03977287374417164,0.02206788158482864,0.0021698988606597136,0.0515677925314139,0.040602706683775705,0.023029144768275167,0.06340547062038,0.04700528125837723,0.00048245220357245877,0.035837783462298115,0.01820251256575268,0.008448894811207586,0.6325348399246704,0.11453424026232994,0.13311077232690652,0.21361626750760304,0.8796511299679626,10
3,xgboost,0.5,expectation,expectation,0.03403618186712265,0.0183720625936985,0.0011719241738319397,0.15840455840455842,0.13073128723128724,0.13403263403263396,0.041670123138999315,0.02268857570219502,0.0017892260762002836,0.06766176703375103,0.048400089700462376,0.012569533590072735,0.06839873904627711,0.049140655697081266,0.02376170250128956,0.036618370918507934,0.017988236473258805,0.008983428754459677,0.584132956685499,0.08898375504054594,0.15582327546592184,0.23789445607927676,0.9035015239414668,10
4,xgboost,0.55,expectation,expectation,0.03415365144610405,0.018200848251581192,0.0011719241738319397,0.17921522921522923,0.15064623154623155,0.12069412069412074,0.04561467511872374,0.022280846539738348,0.0006083638835876135,0.07385303827404299,0.05569230159096705,0.021673963759547443,0.07372993595382189,0.0466503685636521,0.022847293027849325,0.03885551890847884,0.017284177798294085,0.007926553896774435,0.5330248587570623,0.06580185226215271,0.18493499827104443,0.26525522411150426,0.9249755736427396,10
5,xgboost,0.6,expectation,expectation,0.03288606181740761,0.017619328573346138,0.0011719241738319397,0.19198394198394197,0.1518936544936545,0.11098161098161097,0.03876586952925564,0.015695386619043926,0.0011243699627235017,0.08403782229944264,0.0556388138379468,0.017565485362095512,0.07033568705569063,0.04013496960697814,0.030709891612147322,0.030811700930836017,0.012100244041437131,0.008461133055213788,0.4923348399246704,0.04661923162139407,0.22401936041152934,0.2986784630558641,0.9427817819724652,10
6,xgboost,0.7,expectation,expectation,0.03209766745567322,0.017359185963869095,0.0011719241738319397,0.18824138824138822,0.15421090391090392,0.14594664594664594,0.02137292866432018,0.005226483705890281,0.0009319756449049001,0.09385593022385277,0.037117010388270796,0.012757201646090566,0.08517074164360025,0.045683571554187154,0.08068783068783074,0.01240519505620764,0.007139894827665932,0.009524096891443845,0.4206105461393597,0.022614569947268133,0.3181662442409971,0.35770112035944174,0.9645857303662654,10
7,mlp,0.3,expectation,expectation,0.025477090477943422,0.014339149953424932,0.0038971900939941406,0.10631960631960635,0.05484335664335664,0.09764309764309764,0.032150120655268774,0.011212292917781409,0.00702160260974985,0.0249165509054859,0.017445673091437738,0.018687121571588222,0.03544151706057568,0.027036824064809183,0.016371290415186424,0.029506000869216786,0.012072311147768234,0.01178145004140807,0.7399156308851225,0.2610422298045819,0.07258457049201832,0.12975341065561855,0.7389797904580483,10
8,mlp,0.4,expectation,expectation,0.025010935284874657,0.01434061778404496,0.0038971900939941406,0.11680911680911678,0.0829532386805114,0.10670810670810672,0.017709761435900754,0.010824726451022112,0.011650355203486578,0.020208749241342246,0.013492502864143958,0.006097146263497555,0.029291367137626388,0.01946395902760469,0.022181710264128573,0.019736903293598642,0.01392973259020319,0.01741951259595642,0.6585262797466188,0.17400973263453878,0.0986332102659531,0.166417707910417,0.8221404371885798,11
9,mlp,0.45,expectation,expectation,0.02506985664367676,0.014571292398869989,0.0038971900939941406,0.12025382025382025,0.08433154623154623,0.10800310800310797,0.015481695996122096,0.010976828189204018,0.009601056312270017,0.019223610409452883,0.012902315402996781,0.010808893093661315,0.03427815523694292,0.019202379421043417,0.03120518203954742,0.018765015586880783,0.014777986353091906,0.01577200681941482,0.6189468926553673,0.13750460406788673,0.11641484212541978,0.18915701699918855,0.8568964585678414,10
10,mlp,0.5,expectation,expectation,0.025072434544563295,0.014453728133440018,0.0038971900939941406,0.12249417249417247,0.09385200725200724,0.10204610204610198,0.012813324898340053,0.007983729469921028,0.009838764492575588,0.031585067947085446,0.015001204721117819,0.02926161586268128,0.05364130945600128,0.021954063693757596,0.05051664753157292,0.018640360330075677,0.012770766322667515,0.016443301632262264,0.5678500941619585,0.10266411131297912,0.13839346023022756,0.21397518003363342,0.8897613386440385,10
11,mlp,0.55,expectation,expectation,0.02552882432937622,0.014441185273230076,0.0038971900939941406,0.10980315980315983,0.0886979797979798,0.09052059052059054,0.014847504948896296,0.01099588692642928,0.007290523319812378,0.03573525080911021,0.014226027793860289,0.03017902813299228,0.05571941459460115,0.022624334578412026,0.05202434028196157,0.020366338571201303,0.01658721606595678,0.014043626144675248,0.4990670433145009,0.06486456330039438,0.17879221077869545,0.2534207715363186,0.9251106589315092,10
12,mlp,0.6,expectation,expectation,0.025603219866752625,0.014474034230411052,0.0038971900939941406,0.10444185444185446,0.08164470344470345,0.07264957264957266,0.0169324687570556,0.011439282170274895,0.005783703093713904,0.05213634587996184,0.024401562407827093,0.04361830815539991,0.0678444029665368,0.037926138394434664,0.05794937428896478,0.022430223470938426,0.017646512013042234,0.012744292381415723,0.4362625235404896,0.03806959719945052,0.23646697194315042,0.29705304249898773,0.9498458221491038,10
13,mlp,0.7,expectation,expectation,0.02560843825340271,0.014641447770595551,0.0038971900939941406,0.09456099456099457,0.06684900284900284,0.06190106190106193,0.013970028387523264,0.008136495535209962,0.0036990995212814793,0.08029997873713071,0.04777597545617553,0.06643356643356642,0.07762368079299989,0.05588440986513571,0.06633235047241896,0.020325571051235614,0.015019259834016859,0.011333081173258153,0.3487329566854991,0.01921129968538131,0.31482422409426614,0.3241939350570025,0.96625836868993,10
14,xgboost,0.3,same,expectation,0.031809043139219284,0.01737845689058304,0.0011719241738319397,0.11275576275576275,0.08169373219373219,0.10334110334110336,0.044360911010873576,0.029109413430377894,0.004772349190393904,0.039750063807536234,0.02971695448108544,0.036744219596716754,0.05490283610826937,0.045617894242948376,0.04128730900166255,0.04297717109312297,0.026309040861085257,1.127365334552266e-05,0.7487932203389831,0.22172578543891525,0.08117872590029054,0.14463646425797144,0.7775964758853581,10
15,xgboost,0.4,same,expectation,0.03205697983503342,0.017507892102003098,0.0011719241738319397,0.12912457912457914,0.10632320642320643,0.10787360787360789,0.04340487067142409,0.025875965859132977,1.8857076317359278e-05,0.05133548088106914,0.03815312887041862,0.03317493698929219,0.06330182729980029,0.04955691078057961,0.01910753938881249,0.04003033004614902,0.021703443187750276,0.005875366928780101,0.6681404896421845,0.14573434661230997,0.11170451181686485,0.18683011580021835,0.8499868213698155,10
16,xgboost,0.45,same,expectation,0.03149959444999695,0.017226826399564743,0.0011719241738319397,0.14349909349909346,0.11879505309505309,0.11344211344211344,0.04043997264104453,0.022110946078557615,0.0021698988606597136,0.05277749900962834,0.04063029300782962,0.023029144768275167,0.061837814972991824,0.0463851062794485,0.00048245220357245877,0.03614797622549285,0.01786531053157566,0.008448894811207586,0.6267065913370998,0.11357929720388175,0.1328038311269497,0.21299695179068862,0.8804501342107542,10
17,xgboost,0.5,same,expectation,0.03186911344528198,0.01700323075056076,0.0011719241738319397,0.15385910385910387,0.1312517741517741,0.13403263403263396,0.041733255240126346,0.022229736267948393,0.0017892260762002836,0.06575498636548902,0.04763853462589886,0.012569533590072735,0.06880780618676029,0.04842409892396306,0.02376170250128956,0.0364349871622026,0.01779958284166841,0.008983428754459677,0.5827050847457627,0.08760758629857757,0.157274138248069,0.2396415083374282,0.9048132305827343,10
18,xgboost,0.55,same,expectation,0.0312802717089653,0.017012860625982285,0.0011719241738319397,0.17701372701372703,0.14835982905982908,0.12069412069412074,0.045815782243191036,0.02272862581604057,0.0006083638835876135,0.07788956806240274,0.057100794019344946,0.021673963759547443,0.07729113857785308,0.04795010653651798,0.022847293027849325,0.039182500070686424,0.017793220461958144,0.007926553896774435,0.5314900188323917,0.06569472238223954,0.18475686263637894,0.2648483775762369,0.9250449562732704,10
19,xgboost,0.6,same,expectation,0.031848613172769547,0.017242785543203354,0.0011719241738319397,0.18712768712768715,0.1512,0.11098161098161097,0.04062601306423303,0.015998954398422922,0.0011243699627235017,0.08147232287821939,0.05574286462644608,0.017565485362095512,0.0708690928401081,0.03971630822290623,0.030709891612147322,0.03263251651997149,0.012450539706560671,0.008461133055213788,0.4889638418079095,0.046491682545309526,0.22365998608830698,0.29759768323067914,0.942828902935319,10
20,xgboost,0.7,same,expectation,0.0316259004175663,0.017220428213477135,0.0011719241738319397,0.18702408702408704,0.15457940947940946,0.14594664594664594,0.019623399617233743,0.004941232260562925,0.0009319756449049001,0.08520231197401289,0.03402203125854313,0.012757201646090566,0.08501194149730221,0.04607328507356715,0.08068783068783074,0.01149487919918718,0.007166307686214077,0.009524096891443845,0.41783691148775903,0.02254733903487393,0.3171431336680215,0.3561888529428111,0.9645876526106155,10
21,mlp,0.3,same,expectation,0.0252352237701416,0.014731933864951132,0.0038971900939941406,0.11140896140896142,0.05234814814814816,0.09764309764309764,0.03222308102981282,0.013236513101441591,0.00702160260974985,0.024333662371257447,0.01689129554421115,0.018687121571588222,0.03399176685846202,0.026138440795152974,0.016371290415186424,0.029383493333804366,0.014071398837921458,0.01178145004140807,0.7378922787193973,0.26150864536712903,0.07246574818668225,0.12950103262489776,0.7384775824746731,10
22,mlp,0.4,same,expectation,0.024991467595100403,0.014314967051148417,0.0038971900939941406,0.1175990675990676,0.06938552188552188,0.10670810670810671,0.019030872675788325,0.009713113506327588,0.011650355203486576,0.022886006814510428,0.01573326765817093,0.006097146263497555,0.03379251916134389,0.02303565391721677,0.022181710264128573,0.020132752392531483,0.012508326753518812,0.01741951259595642,0.6561145009416196,0.17364344396685424,0.09823954791990676,0.16583213593674292,0.8224428608537536,10
23,mlp,0.45,same,expectation,0.025001426537831623,0.014383689848581951,0.0038971900939941406,0.12495899162565831,0.0844872485539152,0.10800310800310794,0.01625450327574881,0.01120521603952734,0.009601056312270016,0.019268662812548264,0.0126337316474705,0.010808893093661315,0.03437882421824713,0.01877422804727238,0.03120518203954742,0.019721848828507662,0.015064169202786519,0.01577200681941482,0.6131324544883868,0.13629595426950855,0.11639423190867548,0.1887883433268485,0.8579436545732676,15
24,mlp,0.5,same,expectation,0.025536268949508667,0.01468062988370657,0.0038971900939941406,0.12799792799792797,0.09356467236467236,0.10204610204610198,0.012493356573804324,0.009123653507582093,0.009838764492575588,0.03240115191788011,0.013866089670558223,0.02926161586268128,0.054192761951030365,0.021035619987636603,0.05051664753157292,0.018385530549279515,0.014041896410559205,0.016443301632262264,0.5556244821092278,0.10259041077679798,0.13619454359900168,0.21013485437375104,0.8895522902415796,10
25,mlp,0.55,same,expectation,0.024087092280387877,0.013644183625280856,0.0038971900939941406,0.11129241129241133,0.08737446257446257,0.09052059052059054,0.01324171469678027,0.009917390444494549,0.007290523319812378,0.03486670278499484,0.0150445939841159,0.03017902813299228,0.05675073945748417,0.02338680242619205,0.05202434028196157,0.01886565404341033,0.0155698425161058,0.014043626144675248,0.4923774011299436,0.06406544068772987,0.17935169810800863,0.25311790897272274,0.9257376223049615,10
26,mlp,0.6,same,expectation,0.02476949244737625,0.01423493202123791,0.0038971900939941406,0.10218369593369594,0.07604988992488992,0.07264957264957267,0.016826932723924028,0.011551470133061282,0.005783703093713904,0.052918851325455235,0.023970665296265996,0.04361830815539991,0.06830370949762125,0.036559161365181066,0.057949374288964794,0.0222063841794592,0.017676758844030336,0.012744292381415723,0.4309508003766478,0.03789769353480746,0.2354163910874446,0.2948008146044768,0.9498916626980691,16
27,mlp,0.7,same,expectation,0.024896645545959474,0.014241631691157816,0.0038971900939941406,0.09128464128464128,0.06592232582232582,0.06190106190106193,0.012593117380441632,0.007722663296987971,0.0036990995212814793,0.07977660554231712,0.04539480921720311,0.06643356643356642,0.0790870252674843,0.054065742381762635,0.06633235047241896,0.019204710674949988,0.014629653575704426,0.011333081173258153,0.3449905838041431,0.018906004342624187,0.3160919213846086,0.3232609043694403,0.9664706121742143,10
28,xgboost,0.3,random_1,expectation,0.03399761766195297,0.018423674628138542,0.0011719241738319397,0.11336441336441334,0.08204169904169904,0.10334110334110336,0.04502859450081202,0.028992030448134826,0.004772349190393904,0.0399511086511477,0.029499602810365916,0.036744219596716754,0.052664923850746725,0.04526834838873302,0.04128730900166255,0.04372321113195499,0.026167386189002977,1.127365334552266e-05,0.7476199623352167,0.2215460185226215,0.08103436375580184,0.14439463885362236,0.7777451381071954,10
29,xgboost,0.4,random_1,expectation,0.03415770083665848,0.01841649040579796,0.0011719241738319397,0.1328930328930329,0.10477047397047397,0.10787360787360789,0.043847210914384135,0.02552889194334377,1.8857076317359278e-05,0.051972628682703526,0.03813924903449212,0.03317493698929219,0.06105393684407743,0.04977120926528182,0.01910753938881249,0.040607830474638305,0.021469816870051617,0.005875366928780101,0.6745619585687382,0.1460005317499003,0.11213136276181337,0.1877570692246187,0.8498743787340896,10
30,xgboost,0.45,random_1,expectation,0.03399215266108513,0.018289150670170784,0.0011719241738319397,0.1403004403004403,0.11479785029785028,0.11344211344211344,0.04004782129274383,0.021795335331272304,0.0021698988606597136,0.05372089810226309,0.040654591915482374,0.023029144768275167,0.06267958326675496,0.046742008472576514,0.00048245220357245877,0.036117519275385035,0.017858899961518866,0.008448894811207586,0.6299713747645951,0.11386642442504542,0.13354900609286385,0.2140507948035483,0.8802446618754871,10
31,xgboost,0.5,random_1,expectation,0.033846259117126465,0.01812683418393135,0.0011719241738319397,0.1609039109039109,0.13256070966070965,0.13403263403263396,0.04216894692195161,0.022195966459525856,0.0017892260762002836,0.0649139203538188,0.04761657657648806,0.012569533590072735,0.06891830713354045,0.048067646755765484,0.02376170250128956,0.03707403148918269,0.017619131404799093,0.008983428754459677,0.5894071563088513,0.08832832011343997,0.15809580842168716,0.24105311047671796,0.9042631396657719,10
32,xgboost,0.55,random_1,expectation,0.03401021286845207,0.01812874525785446,0.0011719241738319397,0.17675472675472675,0.14611186221186218,0.12069412069412074,0.04655113080048644,0.022115667860447837,0.0006083638835876135,0.07542353737341054,0.05642736285440294,0.021673963759547443,0.0773155465409758,0.04730621896698152,0.022847293027849325,0.039980709392526716,0.017266974079700632,0.007926553896774435,0.5328482109227872,0.06552266583950016,0.18525700849622978,0.26554225620606187,0.9252442808901202,10
33,xgboost,0.6,random_1,expectation,0.03360571712255478,0.018056992441415787,0.0011719241738319397,0.18205128205128202,0.14903587153587156,0.11098161098161097,0.03989036984043295,0.01613049511714692,0.0011243699627235017,0.08305309716890698,0.05647185486774953,0.017565485362095512,0.07567034963360783,0.0411675949747458,0.030709891612147322,0.03220046129136865,0.012575231892116326,0.008461133055213788,0.4907529190207157,0.04692380910178579,0.2226500443414095,0.2970773146193926,0.9424478396397955,10
34,xgboost,0.7,random_1,expectation,0.031957902014255524,0.01715637743473053,0.0011719241738319397,0.18672623672623673,0.15213421393421395,0.14594664594664594,0.019707949154307132,0.0051566898460450455,0.0009319756449049001,0.08691603888632658,0.03744756830077185,0.012757201646090566,0.0843658894902376,0.0422910022110725,0.08068783068783074,0.011150577605930578,0.006747499844309041,0.009524096891443845,0.41914387947269294,0.02269829396906988,0.31632922977055894,0.3560241450683728,0.9644702138713308,10
35,mlp,0.3,random_1,expectation,0.024243849515914916,0.01406439871639013,0.0038971900939941406,0.10637140637140638,0.0498036519036519,0.09764309764309764,0.02905562940212404,0.010925223631337284,0.00702160260974985,0.0253285617903245,0.017986140684308517,0.018687121571588222,0.036186026968926796,0.027992958943803787,0.016371290415186424,0.026142209480515488,0.01162122296290058,0.01178145004140807,0.7438538606403013,0.2608622236008331,0.07311800146687394,0.1306668354290838,0.7392461944757123,10
36,mlp,0.4,random_1,expectation,0.025828465819358826,0.014756308963894843,0.0038971900939941406,0.11756021756021753,0.07693351463351464,0.10670810670810671,0.01734253551284375,0.010389816925991623,0.011650355203486576,0.02175569274151632,0.014474802669684478,0.006097146263497555,0.03122202653761654,0.021123780391012998,0.022181710264128573,0.01867878118182492,0.013323477693569683,0.01741951259595642,0.6630369114877589,0.17456334470687285,0.09883375012036459,0.16684269117546202,0.8217032470343753,10
37,mlp,0.45,random_1,expectation,0.025711750984191893,0.014946423068642616,0.0038971900939941406,0.1207977207977208,0.07947757057757057,0.10800310800310797,0.017053665169423766,0.012096435459582578,0.009601056312270017,0.019449011601261022,0.012927885156716126,0.010808893093661315,0.03559872335714122,0.019907611038853457,0.03120518203954742,0.02018098343273341,0.015753716962694515,0.01577200681941482,0.6205193973634651,0.13658557185270526,0.11706210339669273,0.190126539608911,0.8578305134643692,10
38,mlp,0.5,random_1,expectation,0.025955045223236085,0.01466274951249361,0.0038971900939941406,0.12725977725977727,0.09575687645687646,0.10204610204610198,0.012213650121682252,0.007711163544018042,0.009838764492575588,0.031149966114088067,0.014608082876564182,0.02926161586268128,0.053433910983755786,0.02187341899550649,0.05051664753157292,0.01818290320929562,0.01265808123203789,0.016443301632262264,0.5608949152542373,0.10302425665795187,0.1370237092684667,0.21162092521343054,0.8892495800502207,10
39,mlp,0.55,random_1,expectation,0.02589343786239624,0.014742789134383202,0.0038971900939941406,0.11248381248381249,0.08864524734524734,0.09052059052059054,0.014490177967508951,0.01086522130244491,0.007290523319812378,0.03759390493286484,0.014706179896706306,0.03017902813299228,0.05903413417915537,0.023525751813785183,0.05202434028196157,0.019732808989888495,0.016469734391521444,0.014043626144675248,0.4978161958568738,0.0648293791819914,0.17868384037433024,0.2530848929900997,0.925116278465668,10
40,mlp,0.6,random_1,expectation,0.025342806027485773,0.014472183465957642,0.0038971900939941406,0.11262526647142031,0.08864248002709542,0.07264957264957264,0.016130087611054608,0.011132318612652002,0.005783703093713903,0.055126515843691846,0.025497710965395975,0.04361830815539991,0.07004562717124138,0.040642790668459154,0.057949374288964774,0.021872652041991385,0.017545316420540774,0.012744292381415723,0.431507750253513,0.03837418831445507,0.23310332163338693,0.29308522720278213,0.9494389257811199,13
41,mlp,0.7,random_1,expectation,0.025874519348144533,0.014705984030663968,0.0038971900939941406,0.09435379435379436,0.07162292152292152,0.06190106190106193,0.01370020076821849,0.00818603723478632,0.0036990995212814793,0.08192913406285689,0.052292043841173017,0.06643356643356642,0.08487075827086991,0.06053737742390443,0.06633235047241896,0.020218635626299962,0.015202074493889833,0.011333081173258153,0.3459080979284369,0.019112048566490892,0.31417173649804264,0.3225635488335973,0.9662903974370076,10
42,xgboost,0.3,random_2,expectation,0.03369494527578354,0.0183228962123394,0.0011719241738319397,0.11381766381766385,0.07441383061383063,0.10334110334110336,0.045063607675485756,0.029321267887560315,0.004772349190393904,0.03984844727892254,0.030161450370536823,0.036744219596716754,0.05460280981867508,0.04658212044840705,0.04128730900166255,0.043979861577623,0.026708479782812766,1.127365334552266e-05,0.7515359698681733,0.22267518057340366,0.08107424207553401,0.14453680806579866,0.776731959477011,10
43,xgboost,0.4,random_2,expectation,0.034629710018634796,0.018989916890859604,0.0011719241738319397,0.13093758093758093,0.10432004662004661,0.10787360787360789,0.045067674547244516,0.026918265324356726,1.8857076317359278e-05,0.051423972605903034,0.038662348442444025,0.03317493698929219,0.06119576200456613,0.050382365746804755,0.01910753938881249,0.042016491546237024,0.02277450223052547,0.005875366928780101,0.6678079096045197,0.14602572783267606,0.11147730524145405,0.1864853397740342,0.8496944930296996,10
44,xgboost,0.45,random_2,expectation,0.033460307866334915,0.01811658963561058,0.0011719241738319397,0.14614089614089612,0.11440997150997152,0.11344211344211344,0.04079399509163022,0.022109635852239524,0.0021698988606597136,0.05056685856052996,0.04034224023545979,0.023029144768275167,0.06321389809119855,0.0463972134188272,0.00048245220357245877,0.03682682649612381,0.01808045410456537,0.008448894811207586,0.6282772128060262,0.11462391102051668,0.13249295139616474,0.21255292138924275,0.8794656420469306,10
45,xgboost,0.5,random_2,expectation,0.03352125361561775,0.01797650381922722,0.0011719241738319397,0.15343175343175344,0.12888712768712768,0.13403263403263396,0.041515378194583855,0.02203145971940481,0.0017892260762002836,0.06623227279604557,0.04840961339504059,0.012569533590072735,0.06881213074632189,0.04926729228378523,0.02376170250128956,0.036338677306262404,0.017490359844766015,0.008983428754459677,0.5903721280602637,0.08855520893339833,0.15749553470291264,0.24056433162721325,0.9040636505325137,10
46,xgboost,0.55,random_2,expectation,0.03386672958731651,0.01788979023694992,0.0011719241738319397,0.17900802900802898,0.14885309505309505,0.12069412069412074,0.04490244958714299,0.02166495338818291,0.0006083638835876135,0.07625890788410424,0.05651040381623381,0.021673963759547443,0.07524889556006345,0.04677388989353674,0.022847293027849325,0.03840916211615998,0.01662776709259172,0.007926553896774435,0.5373141242937853,0.06542898923206453,0.18651308865830882,0.26756430325949554,0.9254384708632782,10
47,xgboost,0.6,random_2,expectation,0.03353256732225418,0.01767463982105255,0.0011719241738319397,0.18249158249158248,0.14624897694897696,0.11098161098161097,0.0394681538187594,0.015621129623400407,0.0011243699627235017,0.08252482670816452,0.056432289385948985,0.017565485362095512,0.07152302301593975,0.0405218319894335,0.030709891612147322,0.031805690506143,0.01213630231223836,0.008461133055213788,0.4936433145009416,0.0470043071741924,0.2238112799168916,0.2985503399643943,0.942435639449303,10
48,xgboost,0.7,random_2,expectation,0.03163709491491318,0.01713808998465538,0.0011719241738319397,0.18991193991193991,0.15924542864542865,0.14594664594664594,0.019389050477083242,0.004961498771801569,0.0009319756449049001,0.0859875651855472,0.03542614849545685,0.012757201646090566,0.08642873421383436,0.047067321964353995,0.08068783068783074,0.011166121080122094,0.0070240938650406246,0.009524096891443845,0.4220399246704331,0.02258438427792795,0.31874781601971325,0.3585906945990963,0.9646480820850292,10
49,mlp,0.3,random_2,expectation,0.02535652369260788,0.014275416093568007,0.0038971900939941406,0.10722610722610726,0.053431494431494427,0.09764309764309764,0.03005082154548816,0.010382842034211123,0.00702160260974985,0.024221165331991337,0.01752186607500997,0.018687121571588222,0.035108927255781706,0.027218937362280246,0.016371290415186424,0.027061359882726694,0.011117135257776104,0.01178145004140807,0.7391073446327684,0.2626521543256377,0.07228176214931545,0.12922828794466798,0.7373882948018587,12
50,mlp,0.4,random_2,expectation,0.02559213638305664,0.0146329046651721,0.0038971900939941406,0.11381766381766383,0.0718048433048433,0.10670810670810671,0.01883455763447734,0.010326231634100356,0.011650355203486576,0.021496951698881932,0.015008515749812495,0.006097146263497555,0.031034650783208172,0.021869720019068235,0.022181710264128573,0.020830074574312595,0.013150222588337968,0.01741951259595642,0.6623819209039548,0.17455964904506577,0.09890749275329594,0.16693121370693767,0.8216918001558577,10
51,mlp,0.45,random_2,expectation,0.025298413634300233,0.014595803759992124,0.0038971900939941406,0.11679616679616678,0.08375042735042734,0.10800310800310797,0.01666485232152176,0.011684220818812647,0.009601056312270017,0.01885104747513248,0.012585275451716787,0.010808893093661315,0.03403429650890373,0.018638201316833896,0.03120518203954742,0.019452895330398533,0.01544390661749585,0.01577200681941482,0.6207514124293785,0.13701077679797938,0.11689118318378988,0.18989557689568087,0.8574204173521517,10
52,mlp,0.5,random_2,expectation,0.024830010533332825,0.014292096810042856,0.0038971900939941406,0.12775187775187774,0.09366275576275576,0.10204610204610198,0.012368988349060204,0.007835541691044461,0.009838764492575588,0.032844166118665793,0.015080866244115504,0.02926161586268128,0.055595897287918875,0.02233223457421727,0.05051664753157292,0.018252457731787963,0.012722149807922873,0.016443301632262264,0.5624097928436911,0.10312674258873575,0.13716006839724632,0.21194482243679463,0.8891842756948654,10
53,mlp,0.55,random_2,expectation,0.025953802466392516,0.014782494287192824,0.0038971900939941406,0.10813260813260814,0.08285493395493396,0.09052059052059054,0.014255602890038521,0.010735505288276272,0.007290523319812378,0.03651640368045038,0.014290387755988117,0.03017902813299228,0.05800786993945448,0.022678076889601682,0.05202434028196157,0.019635201458075235,0.016216472411169792,0.014043626144675248,0.49820527306967993,0.06383684140559223,0.18057576946507442,0.2553745760139869,0.9260949432851329,10
54,mlp,0.6,random_2,expectation,0.025748178362846375,0.014404361300170422,0.0038971900939941406,0.10012518345851677,0.07836566519899853,0.07264957264957266,0.01637238330745587,0.010867256365704988,0.005783703093713903,0.05028778035757813,0.020939699327651957,0.04361830815539991,0.0667232716096428,0.03397406931369714,0.057949374288964774,0.021442895599881013,0.01700711269057473,0.012744292381415723,0.43680225988700566,0.03823476758098108,0.2362077322218016,0.2969337475156005,0.9496968568707248,12
55,mlp,0.7,random_2,expectation,0.0245553453763326,0.01382199952378869,0.0038971900939941406,0.0943732193732194,0.07342571009237676,0.06190106190106193,0.01320401529063729,0.007855345354410074,0.0036990995212814793,0.08067384499303287,0.04951390703171579,0.06643356643356642,0.08277683360701565,0.059853177698808234,0.06633235047241896,0.019680081048122595,0.014907878944314204,0.011333081173258153,0.3472875078468298,0.019143166275239657,0.3150847884501203,0.3236796961846154,0.9662917063526423,12
56,xgboost,0.3,expectation,random_1,0.034356821328401566,0.018458113074302673,0.0011719241738319397,0.11838901838901841,0.08754532504532506,0.10334110334110336,0.04449871065629421,0.02867619089428361,0.004772349190393904,0.03887319532711683,0.028781675411943465,0.036744219596716754,0.051439849450351995,0.04413547280353031,0.04128730900166255,0.04288512955085584,0.0257784797020283,1.127365334552266e-05,0.7509476459510358,0.22307038596180262,0.08085270811789376,0.14417373227161207,0.7763323144861027,10
57,xgboost,0.4,expectation,random_1,0.034417323768138885,0.018675506114959717,0.0011719241738319397,0.1342009842009842,0.10829847189847189,0.10787360787360789,0.043103152710402534,0.025163108263949775,1.8857076317359278e-05,0.05054103597925709,0.03684705926296069,0.03317493698929219,0.05856027145587313,0.04784211578521552,0.01910753938881249,0.03987553735989245,0.02100609347293452,0.005875366928780101,0.6690587570621469,0.14636186466965037,0.11123084504433903,0.18621342380586714,0.8493948393800329,10
58,xgboost,0.45,expectation,random_1,0.03377941995859146,0.01811801642179489,0.0011719241738319397,0.14010619010619013,0.11416029526029528,0.11344211344211344,0.04086213336337405,0.022372334073133222,0.0021698988606597136,0.051609368837302286,0.04088756900710265,0.023029144768275167,0.06211931549369306,0.04737428422034328,0.00048245220357245877,0.0369697396455262,0.01823655285260506,0.008448894811207586,0.6306048964218455,0.11568321885939647,0.131633751034122,0.21159567844283486,0.8784841977660405,10
59,xgboost,0.5,expectation,random_1,0.034080661833286285,0.018261780962347984,0.0011719241738319397,0.1568117068117068,0.13288212898212898,0.13403263403263396,0.04149761367530659,0.022589091360678278,0.0017892260762002836,0.06477360851583577,0.04664842074212458,0.012569533590072735,0.06803985344622539,0.048131401336174384,0.02376170250128956,0.03628885318429764,0.018217388558278792,0.008983428754459677,0.5895299435028248,0.0900446138166349,0.15601581945613494,0.23839183764004246,0.9025891245995326,10
60,xgboost,0.55,expectation,random_1,0.03443402051925659,0.018201151862740517,0.0011719241738319397,0.17762237762237768,0.1510999222999223,0.12069412069412074,0.047211051052512415,0.02268551004559984,0.0006083638835876135,0.07590248851402284,0.05563161020814237,0.021673963759547443,0.07644848672473523,0.04769830297359309,0.022847293027849325,0.04054640714998005,0.01777016531938471,0.007926553896774435,0.5394591337099811,0.06669953471883724,0.18497682013418024,0.2658395439714207,0.9242464455797039,10
61,xgboost,0.6,expectation,random_1,0.03372635692358017,0.01783239096403122,0.0011719241738319397,0.19105154105154104,0.15148290598290598,0.11098161098161097,0.0402588696592881,0.016109990913527786,0.0011243699627235017,0.08257412589179089,0.05523019199351805,0.017565485362095512,0.07014231621424763,0.0389728604527659,0.030709891612147322,0.03246774182755084,0.012530918190232596,0.008461133055213788,0.4921996233521657,0.047475818673284,0.22206202605296035,0.2965116566012638,0.9419417785089619,10
62,xgboost,0.7,expectation,random_1,0.032831549644470215,0.017604347318410873,0.0011719241738319397,0.1872830872830873,0.1528009065009065,0.14594664594664594,0.020356278663822492,0.00538372073420465,0.0009319756449049001,0.08506906531867497,0.03724602874003955,0.012757201646090566,0.08486575983826886,0.04288361744359619,0.08068783068783074,0.011798654420143263,0.006865937373830791,0.009524096891443845,0.41971713747645956,0.02320940311073692,0.3126701615285207,0.3536191912384825,0.963984033249632,10
63,mlp,0.3,expectation,random_1,0.02288789451122284,0.013541058647632599,0.0038971900939941406,0.10814555814555815,0.058525226625226634,0.09764309764309764,0.025975559427914054,0.010331887323952564,0.00702160260974985,0.025452046394513827,0.017562903582403654,0.018687121571588222,0.035241176701061826,0.027045966301192142,0.016371290415186424,0.023646126170749272,0.011334125511451592,0.01178145004140807,0.7393250470809791,0.2544824655470377,0.07419066824948531,0.13234916539194816,0.7453751753398563,10
64,mlp,0.4,expectation,random_1,0.022757112979888916,0.01327193360775709,0.0038971900939941406,0.12035742035742034,0.08582703962703962,0.10670810670810671,0.01577649679919498,0.009451287762144565,0.011650355203486576,0.01987750812798491,0.01378020104161314,0.006097146263497555,0.028970583323528414,0.019876052187772657,0.022181710264128573,0.01915153761478553,0.012752559915096728,0.01741951259595642,0.6544241054613935,0.16690735144237162,0.10129103196976963,0.17023584110609719,0.8289852368170404,10
65,mlp,0.45,expectation,random_1,0.023064348101615905,0.013423009543120862,0.0038971900939941406,0.12147112147112146,0.086483164983165,0.10800310800310797,0.014375749404860564,0.009719510567625647,0.009601056312270017,0.02051399590241711,0.013534212294666188,0.010808893093661315,0.035431354695574936,0.01926318671389374,0.03120518203954742,0.018119485894881205,0.01365049491941056,0.01577200681941482,0.6195902071563089,0.13101061727300928,0.12055194787456455,0.19499971478609848,0.8632559442375964,10
66,mlp,0.5,expectation,random_1,0.023001629114151,0.013410591721534729,0.0038971900939941406,0.125006475006475,0.09936638176638175,0.10204610204610198,0.011906587874054641,0.0078666180659165,0.009838764492575588,0.032208627516027225,0.01369087361726273,0.02926161586268128,0.05387052310456175,0.02052464066608209,0.05051664753157292,0.017869566483416567,0.012922329881927472,0.016443301632262264,0.5617145009416196,0.09643317233128018,0.14370409200564954,0.22037336115965384,0.895707983375184,10
67,mlp,0.55,expectation,random_1,0.022997021675109863,0.013326955893865003,0.0038971900939941406,0.11879146494531108,0.09316022154483693,0.09052059052059055,0.013203338835840885,0.010031746618113922,0.007290523319812378,0.0416750853552666,0.016601825133714766,0.03017902813299228,0.06298771385156582,0.02573462881627099,0.05202434028196157,0.019121430792537704,0.015800845870418814,0.014043626144675248,0.49780993770824283,0.06005123887500809,0.18720086861138802,0.26296553602080314,0.9297844302203988,13
68,mlp,0.6,expectation,random_1,0.022530540823936462,0.013469977281987667,0.0038971900939941406,0.11595441595441595,0.08908298368298369,0.07264957264957266,0.015501077626217196,0.010646805510153038,0.005783703093713904,0.05587336880164897,0.02691423910215244,0.04361830815539991,0.0739112931071851,0.04300329898232123,0.05794937428896478,0.02132235040359378,0.017078418221431073,0.012744292381415723,0.43518418079096044,0.035027456019851994,0.24739171704032697,0.30685706468486873,0.9527932375097411,10
69,mlp,0.7,expectation,random_1,0.022805876456774198,0.012955096670068224,0.0038971900939941406,0.09567071105532642,0.07359438567130874,0.06190106190106193,0.012662143601652602,0.007602374508864345,0.0036990995212814798,0.08600758361919861,0.05401840201959455,0.06643356643356643,0.08452185985489385,0.06256711696445302,0.06633235047241895,0.019436812520179036,0.01469121750545067,0.011333081173258153,0.34552803129074317,0.01788731674228196,0.3267521256087058,0.32997717563522044,0.9674782365439566,13
70,xgboost,0.3,same,random_1,0.03222765028476715,0.01780557818710804,0.0011719241738319397,0.11604506604506604,0.08836858326858328,0.10334110334110336,0.045972519543973175,0.03064404276756469,0.004772349190393904,0.039172240320418675,0.029355030963537643,0.036744219596716754,0.052464076959779574,0.04501441833186099,0.04128730900166255,0.0445413091074781,0.027664325482550038,1.127365334552266e-05,0.7499333333333333,0.22237282758009483,0.08090900038406133,0.14424557384983544,0.7769905186596242,10
71,xgboost,0.4,same,random_1,0.032395560294389725,0.017769742757081985,0.0011719241738319397,0.135003885003885,0.10766858326858327,0.10787360787360789,0.04457402599290365,0.026572040599514412,1.8857076317359278e-05,0.0523404489519147,0.037820487212557825,0.03317493698929219,0.060782877719921746,0.04929587828735751,0.01910753938881249,0.041156130935224314,0.02239948117682713,0.005875366928780101,0.6680828625235405,0.1467399565737581,0.11074844780434434,0.1854942890274533,0.8490030045891419,10
72,xgboost,0.45,same,random_1,0.03233441710472107,0.01744849979877472,0.0011719241738319397,0.1534965034965035,0.12736596736596736,0.11344211344211344,0.044207565929852935,0.02368344654109713,0.0021698988606597136,0.05164695025206515,0.03941242265137064,0.023029144768275167,0.06058915274006099,0.04462788646032077,0.00048245220357245877,0.03971312139307148,0.019383181578102877,0.008448894811207586,0.6245596986817326,0.11437895156644659,0.1321075379768713,0.2119245490212744,0.8796195081825268,10
73,xgboost,0.5,same,random_1,0.031902723014354706,0.017469139769673347,0.0011719241738319397,0.1574203574203574,0.13139492359492358,0.13403263403263396,0.04216135432201503,0.022757316297554078,0.0017892260762002836,0.06563196256662798,0.048621377075618366,0.012569533590072735,0.06954949968601758,0.04896320183825366,0.02376170250128956,0.036783142596582795,0.018061208172711403,0.008983428754459677,0.5876839924670433,0.08927452474852661,0.15665267733522864,0.2391979335500159,0.9032990735128583,10
74,xgboost,0.55,same,random_1,0.03212451934814453,0.01738840714097023,0.0011719241738319397,0.17507122507122508,0.14869487179487179,0.12069412069412074,0.04790515498905152,0.022935126348731252,0.0006083638835876135,0.07739717652138396,0.05733655063719809,0.021673963759547443,0.07779133921042855,0.04911924790427648,0.022847293027849325,0.041088499565361467,0.017974384116399084,0.007926553896774435,0.535993220338983,0.06595068905924581,0.18568008212787396,0.2663555652947355,0.924898398129708,10
75,xgboost,0.6,same,random_1,0.031773101538419724,0.017372939735651016,0.0011719241738319397,0.1868298368298368,0.15056477596477597,0.11098161098161097,0.042790346440910516,0.016775684088435345,0.0011243699627235017,0.08600519235042076,0.05815589613324,0.017565485362095512,0.07646643047059187,0.04321559276296889,0.030709891612147322,0.0348132585638921,0.013081791349755933,0.008461133055213788,0.49561657250470803,0.04726630921256702,0.2235943145983723,0.2986547318003154,0.9422250238115855,10
76,xgboost,0.7,same,random_1,0.03174097463488579,0.017233381047844887,0.0011719241738319397,0.18853923853923854,0.15588743848743852,0.14594664594664594,0.021382048316142876,0.005273485582434021,0.0009319756449049001,0.09289391280527876,0.03566703451989697,0.012757201646090566,0.0847890678755799,0.04669855140041816,0.08068783068783074,0.01245440425162625,0.007237581525243307,0.009524096891443845,0.41751299435028244,0.02260010634998006,0.3170844346184841,0.3557966080216265,0.9645286518313274,10
77,mlp,0.3,same,random_1,0.02255513668060303,0.01334903412759304,0.0038971900939941406,0.1166278166278166,0.06189267029267028,0.09764309764309764,0.028131657942273486,0.011904298392732465,0.00702160260974985,0.022935412409457977,0.016408734999198298,0.018687121571588222,0.03165806550051061,0.02503119228048727,0.016371290415186424,0.025872206990062995,0.01310591123161528,0.01178145004140807,0.7291212806026365,0.253305605530199,0.07372720293871575,0.1314233164219823,0.7462904060957658,10
78,mlp,0.4,same,random_1,0.022550541620988112,0.013095641112098325,0.0038971900939941406,0.11806427191042575,0.08251853844161537,0.1067081067081067,0.016385579695792095,0.009959636312378676,0.011650355203486574,0.02082900131949574,0.014156372576863264,0.006097146263497555,0.03160259205452404,0.02031935523416347,0.022181710264128573,0.01917652144038556,0.01322009013162957,0.01741951259595642,0.6487895118064608,0.1655655057930061,0.10123848754533922,0.17000513988980537,0.8301667010796805,13
79,mlp,0.45,same,random_1,0.022661536931991577,0.013007277714855532,0.0038971900939941406,0.12524947819065463,0.08872672425613602,0.10800310800310797,0.01555891702247922,0.010345282609528276,0.009601056312270019,0.019304795589588187,0.012486838529502923,0.010808893093661315,0.033870061641110075,0.01825903800103145,0.031205182039547415,0.019131160105137407,0.014346971537649609,0.01577200681941482,0.6092912373989143,0.1291343997873,0.12041920998732063,0.1943111539628797,0.8648522663026593,17
80,mlp,0.5,same,random_1,0.022836938500404358,0.013329341553151608,0.0038971900939941406,0.1271043771043771,0.09863240093240094,0.10204610204610198,0.011933934189672642,0.008394558396028306,0.009838764492575588,0.03235433377346923,0.012939895198318174,0.02926161586268128,0.054247678583921446,0.01833500734697232,0.05051664753157292,0.01770725451152617,0.013528558029804285,0.016443301632262264,0.5527822975517891,0.09592760225107458,0.1422876632303101,0.2179036417272633,0.8959965884492164,10
81,mlp,0.55,same,random_1,0.02250761091709137,0.012917287269234657,0.0038971900939941406,0.12086247086247086,0.09214522144522144,0.09052059052059054,0.013645525516776322,0.009975900787604856,0.007290523319812378,0.037301994234553014,0.015602525500184284,0.03017902813299228,0.05862716937720649,0.025356790338039732,0.05202434028196157,0.019401999608496766,0.015792441479641078,0.014043626144675248,0.4909235404896422,0.059054814552222265,0.18790691613485472,0.26260170784077996,0.9305996363321498,10
82,mlp,0.6,same,random_1,0.023739799857139587,0.01396768108457327,0.0038971900939941406,0.11563066563066564,0.08977852887852887,0.07264957264957266,0.016826566563267427,0.01117472568286395,0.005783703093713904,0.055293845646961895,0.029545819458246074,0.04361830815539991,0.07293198773948575,0.04619002422246781,0.05794937428896478,0.022540147619748964,0.017657271214016328,0.012744292381415723,0.43017890772128065,0.03461791997164001,0.24838557449388615,0.3062262441655596,0.9530782924928565,10
83,mlp,0.7,same,random_1,0.0230255126953125,0.013158000865578653,0.0038971900939941406,0.09265734265734267,0.06811714581714581,0.06190106190106193,0.012038811765614835,0.006930324692468498,0.0036990995212814793,0.07636982968909081,0.04244839291246575,0.06643356643356642,0.0759418581941563,0.05392779507198141,0.06633235047241896,0.018829215124034016,0.013975985852348782,0.011333081173258153,0.3381099811676083,0.017824487082908673,0.32277975345121274,0.3245632788765475,0.9673690882327474,10
84,xgboost,0.3,random_1,random_1,0.03464454412460327,0.018635066226124763,0.0011719241738319397,0.12092722092722093,0.08746055426055425,0.10334110334110336,0.04578683461656778,0.02948582285976924,0.004772349190393904,0.03837647811456507,0.02888172825629446,0.036744219596716754,0.05193491959592113,0.04430059995289056,0.04128730900166255,0.044216742436267865,0.02655117224894373,1.127365334552266e-05,0.7485001883239171,0.22259446980103692,0.08068066803294642,0.14386313948072907,0.7767410251969868,10
85,xgboost,0.4,random_1,random_1,0.03448828309774399,0.01865212805569172,0.0011719241738319397,0.13743848743848744,0.1110008547008547,0.10787360787360789,0.043813496484304694,0.025799054564494755,1.8857076317359278e-05,0.05125102685677985,0.03731091048153019,0.03317493698929219,0.05982806034575934,0.04835673809048415,0.01910753938881249,0.040409524199379196,0.021615091403706693,0.005875366928780101,0.6740934086629002,0.1468584570390393,0.11173835901106129,0.1871234686164104,0.8490254047969522,10
86,xgboost,0.45,random_1,random_1,0.03386981785297394,0.01819480210542679,0.0011719241738319397,0.15116550116550115,0.12095527065527065,0.11344211344211344,0.04202899613204788,0.022957248544797762,0.0021698988606597136,0.05349701310912543,0.04028059328641302,0.023029144768275167,0.06030277733651386,0.0460772177552557,0.00048245220357245877,0.03788233284080933,0.018753250555981017,0.008448894811207586,0.6293393596986817,0.11516517038153055,0.13212708998831918,0.21211744493745646,0.8789612433976967,10
87,xgboost,0.5,random_1,random_1,0.034758199006319046,0.018462050706148148,0.0011719241738319397,0.15404040404040403,0.1295982905982906,0.13403263403263396,0.04291377062685283,0.022785583543168012,0.0017892260762002836,0.06636948124047373,0.048715212412166614,0.012569533590072735,0.06962785214384579,0.050132790204702696,0.02376170250128956,0.037750352723675454,0.018198564053070094,0.008983428754459677,0.5908222222222224,0.08981342668498249,0.15623485609692844,0.23897197091033653,0.9028447051692787,10
88,xgboost,0.55,random_1,random_1,0.03449224680662155,0.018392248079180717,0.0011719241738319397,0.17974617974617974,0.15128754208754208,0.12069412069412074,0.04700088431551025,0.02282287996455786,0.0006083638835876135,0.0773481291930875,0.05689133093149855,0.021673963759547443,0.07710434921744772,0.04760760164015192,0.022847293027849325,0.040354299876888086,0.017716057878333406,0.007926553896774435,0.5390926553672316,0.06645523995214252,0.18554640152750715,0.26644971755618085,0.9244766992813229,10
89,xgboost,0.6,random_1,random_1,0.03346099704504013,0.017729107290506363,0.0011719241738319397,0.18250453250453252,0.14807360787360785,0.11098161098161097,0.041297819515264914,0.01650487280913874,0.0011243699627235017,0.08550937845186106,0.05784333431554102,0.017565485362095512,0.0753728575803546,0.043565541828316526,0.030709891612147322,0.03359791653240267,0.012963270066635734,0.008461133055213788,0.4940817325800377,0.04721885053396553,0.22314193700992827,0.2979377013544421,0.9422361070222529,10
90,xgboost,0.7,random_1,random_1,0.031905949115753174,0.017088696360588074,0.0011719241738319397,0.18978243978243978,0.1534048433048433,0.14594664594664594,0.02040723147942019,0.005271199926246474,0.0009319756449049001,0.08767990841189796,0.03761478361582578,0.012757201646090566,0.08395578083615099,0.04197612258418652,0.08068783068783074,0.011606670735229663,0.006766551200140686,0.009524096891443845,0.4209725047080979,0.02295756635795631,0.3152261157463681,0.3558222225307472,0.96425894016798,10
91,mlp,0.3,random_1,random_1,0.022853660583496093,0.013373323035240175,0.0038971900939941406,0.10863765863765866,0.06273118363118363,0.09764309764309764,0.026840883563439173,0.00996086270610658,0.00702160260974985,0.024443859468725813,0.017121765094330214,0.018687121571588222,0.034754449955067025,0.026194607002132768,0.016371290415186424,0.024687339994756217,0.011187383856502189,0.01178145004140807,0.7330790960451977,0.2542813488722471,0.07390027230747889,0.13174984808008444,0.7454280803532773,10
92,mlp,0.4,random_1,random_1,0.023232728242874146,0.013568030357360839,0.0038971900939941406,0.11832426832426834,0.07974413364413363,0.10670810670810671,0.01722731616957559,0.010300490208145151,0.011650355203486576,0.020288642645636606,0.014209838063528088,0.006097146263497555,0.029943102784831234,0.020494470992052496,0.022181710264128573,0.019590977990633453,0.013439476053644987,0.01741951259595642,0.6550546139359699,0.16670105020605308,0.10142945979756006,0.17049042798721542,0.8292012901549917,10
93,mlp,0.45,random_1,random_1,0.022541168061169712,0.013053656019947745,0.0038971900939941406,0.11825716371170915,0.0824661062842881,0.10800310800310799,0.014668061952903665,0.010229747940275388,0.009601056312270017,0.019534462493740103,0.013288161263182203,0.010808893093661315,0.03311059480832285,0.01946387259785177,0.03120518203954742,0.01826698084992132,0.014117558086457543,0.01577200681941482,0.6128197226502311,0.13057971212994032,0.11986195283975923,0.19373908656432393,0.8635212966097026,11
94,mlp,0.5,random_1,random_1,0.02362969269355138,0.013644022182871897,0.0038971900939941406,0.13271604938271606,0.1018224337391004,0.10204610204610198,0.012728583788539102,0.008483947556314085,0.00983876449257559,0.03176553504059532,0.014061737907576345,0.02926161586268128,0.05441042733095616,0.021261041933547786,0.05051664753157292,0.018745733067902087,0.01357403746763522,0.016443301632262264,0.5641346516007533,0.09709778289833237,0.14326610476211118,0.22000516980568405,0.8951142883943776,12
95,mlp,0.55,random_1,random_1,0.023488956689834594,0.01329568078815937,0.0038971900939941406,0.11388241388241387,0.08872628852628853,0.09052059052059054,0.014083097376298922,0.010566991443927493,0.007290523319812378,0.03633828122854335,0.015753811746364203,0.03017902813299228,0.0580177660877226,0.025514677068953745,0.05202434028196157,0.019727845869505257,0.016237710093120982,0.014043626144675248,0.4964640301318267,0.05965734922674702,0.18723918819798152,0.2628716262178074,0.9301383236643863,10
96,mlp,0.6,random_1,random_1,0.02375979721546173,0.013599214465916156,0.0038971900939941406,0.11596736596736594,0.08825249935249935,0.07264957264957266,0.016351399839695104,0.011240453118085114,0.005783703093713904,0.051913410851079346,0.02883343458316162,0.04361830815539991,0.06883939041602001,0.0446666412302593,0.05794937428896478,0.022405217965235792,0.017649432371554055,0.012744292381415723,0.43400338983050846,0.0350336597686888,0.24768678385862003,0.30658922909408554,0.9527600311715301,10
97,mlp,0.7,random_1,random_1,0.023384898900985718,0.013903760362755169,0.0038971900939941406,0.10781474417838054,0.08261507852416944,0.06190106190106193,0.0131555875484205,0.008077803749637376,0.0036990995212814793,0.08894320125394196,0.06363028045481665,0.06643356643356642,0.09173724074070445,0.07200616287824937,0.06633235047241896,0.02013310616711751,0.015391888689723453,0.011333081173258153,0.3418513953090225,0.018037995947421216,0.32222475240361637,0.32597798141060574,0.9672464991065735,11
98,xgboost,0.3,random_2,random_1,0.034378133714199066,0.0183805413544178,0.0011719241738319397,0.11787101787101788,0.08980344470344469,0.10334110334110336,0.046076787247149684,0.029533708500409768,0.004772349190393904,0.040546858880087536,0.029035695407324768,0.036744219596716754,0.054541577103892035,0.04447193845727666,0.04128730900166255,0.04449584071521504,0.026553941413898198,1.127365334552266e-05,0.7504760828625235,0.2224550627021758,0.08092907185183755,0.14429974038836874,0.7769226513118018,10
99,xgboost,0.4,random_2,random_1,0.033748626708984375,0.018255013972520828,0.0011719241738319397,0.1313131313131313,0.10601626521626521,0.10787360787360789,0.04248865691955163,0.025436653721353557,1.8857076317359278e-05,0.05172315717493316,0.03802582743114069,0.03317493698929219,0.06241627318573166,0.049527180127799504,0.01910753938881249,0.039250125411857614,0.021330046851374122,0.005875366928780101,0.6703762711864407,0.14576809500598217,0.1115466539941841,0.1867391523138679,0.8500052472075504,10
100,xgboost,0.45,random_2,random_1,0.03440946340560913,0.018400853499770164,0.0011719241738319397,0.14484589484589483,0.11823597513597514,0.11344211344211344,0.04315690683277115,0.023291443121701692,0.0021698988606597136,0.051034223054250205,0.04071568791112341,0.023029144768275167,0.06291216323763608,0.04708834778023979,0.00048245220357245877,0.039129388804611163,0.01916738497422162,0.008448894811207586,0.632342372881356,0.11553203350024373,0.1319967996355162,0.21216977404418888,0.878671850376656,10
101,xgboost,0.5,random_2,random_1,0.034514252096414566,0.018314015120267868,0.0011719241738319397,0.15774410774410774,0.13348875938875937,0.13403263403263396,0.0426438821782696,0.022714931399583742,0.0017892260762002836,0.06302627969223724,0.04671843128994935,0.012569533590072735,0.0668491492236519,0.04745786203800369,0.02376170250128956,0.03737737716586024,0.018077415523410707,0.008983428754459677,0.5865171374764595,0.08969323348251872,0.15565927668408724,0.23780675384117597,0.9028631656420469,10
102,xgboost,0.55,random_2,random_1,0.03377274051308632,0.017984531819820404,0.0011719241738319397,0.17845117845117844,0.15553763273763274,0.12069412069412074,0.04595687456955385,0.022117057752580938,0.0006083638835876135,0.07415077852437701,0.05432610092936661,0.021673963759547443,0.07323583751110598,0.045847964685237434,0.022847293027849325,0.039119076727580346,0.017091653418114423,0.007926553896774435,0.5395548022598871,0.06661501307218506,0.18529759981695587,0.2662583334996425,0.9243312234825527,10
103,xgboost,0.6,random_2,random_1,0.03342852741479874,0.017882803454995155,0.0011719241738319397,0.19431494431494434,0.15766013986013985,0.11098161098161097,0.039954268232470225,0.016102930614017057,0.0011243699627235017,0.08002409987071099,0.05479860848863104,0.017565485362095512,0.0713401370008954,0.03870524238693659,0.030709891612147322,0.03220976506972456,0.012266551118753351,0.008461133055213788,0.49627532956685494,0.04720985509815216,0.22371257339953168,0.298911162946154,0.9422953242704997,10
104,xgboost,0.7,random_2,random_1,0.03282051533460617,0.017476430162787437,0.0011719241738319397,0.18791763791763788,0.15390707070707071,0.14594664594664594,0.020643640125140836,0.005370422057233557,0.0009319756449049001,0.08966086817824896,0.03732892870618526,0.012757201646090566,0.08491159281715921,0.04367777676742958,0.08068783068783074,0.011863823069475764,0.006984030511328908,0.009524096891443845,0.42189416195856877,0.022946133735099926,0.3161416182628526,0.3566225858501128,0.9642912979478743,10
105,mlp,0.3,random_2,random_1,0.02260231158950112,0.012941714491356504,0.0038971900939941406,0.10895669986579079,0.06459553577735397,0.09764309764309763,0.026157447229451878,0.00941406740478699,0.00702160260974985,0.024504214322227567,0.017264479103613225,0.018687121571588222,0.033889030778572554,0.026415748425363882,0.016371290415186424,0.023865458193141828,0.010435873878609237,0.01178145004140807,0.7392319808252011,0.25466136796690253,0.07410173721870525,0.13220928216502248,0.7451982462078575,11
106,mlp,0.4,random_2,random_1,0.023792698979377747,0.013484996655583382,0.0038971900939941406,0.11767676767676769,0.08001515151515151,0.10670810670810671,0.019049589133773685,0.010588034357956447,0.011650355203486576,0.020186332209856262,0.014100552822651446,0.006097146263497555,0.030130576248028944,0.019892750135844687,0.022181710264128573,0.019860260052436372,0.01371704978198141,0.01741951259595642,0.6545099811676083,0.1683093455044977,0.10072840246517775,0.1694063215305334,0.8276174473980431,10
107,mlp,0.45,random_2,random_1,0.02376027749134944,0.013596052224819476,0.0038971900939941406,0.11943896559281174,0.0867342458111689,0.10800310800310796,0.015071096057427806,0.009975652042769316,0.009601056312270016,0.019780764876822877,0.013230501583603423,0.010808893093661315,0.032907101965858984,0.019028882849157207,0.03120518203954742,0.01925772327916804,0.013959541084121342,0.01577200681941482,0.6139991308126901,0.13057551700747516,0.12012885895748902,0.1941590944806773,0.8635525087087128,13
108,mlp,0.5,random_2,random_1,0.023512139916419983,0.013448452511181432,0.0038971900939941406,0.12748208581541914,0.09673992057325391,0.10204610204610198,0.012412397280810119,0.008003330481993825,0.00983876449257559,0.03230031268269017,0.014920718937215667,0.02926161586268128,0.05441953992860882,0.021302603165434097,0.05051664753157292,0.01840272688975919,0.012993915115941487,0.016443301632262264,0.561725988700565,0.09711607657198564,0.14274493586712572,0.21917132364796313,0.8950410425145033,12
109,mlp,0.55,random_2,random_1,0.022982528805732726,0.013149998071789742,0.0038971900939941406,0.1202020202020202,0.09644936544936546,0.09052059052059054,0.01348678084980556,0.010138131988158359,0.007290523319812378,0.036857658916606535,0.015864315874840208,0.03017902813299228,0.058945536486683124,0.02612828353272948,0.05202434028196157,0.019477242201540745,0.016040107296844998,0.014043626144675248,0.4912229755178908,0.05944738777861479,0.1864509585099725,0.26135109699965364,0.9302229716858601,10
110,mlp,0.6,random_2,random_1,0.02360367774963379,0.013729536414146424,0.0038971900939941406,0.10799314645468491,0.08582599167214554,0.07264957264957264,0.01614828352598389,0.01087898189459369,0.005783703093713903,0.05305091937573661,0.025803020875606184,0.04361830815539991,0.06898324657712722,0.041567132921776724,0.057949374288964774,0.02185105541359558,0.017231671215785976,0.012744292381415723,0.4349897146168332,0.03513494517181317,0.24722713012879344,0.3065804924939197,0.9526837488427236,13
111,mlp,0.7,random_2,random_1,0.023290737108750778,0.01318353190340779,0.0038971900939941406,0.09159190977372794,0.07100235454780911,0.06190106190106193,0.012903388785456773,0.007693569365680184,0.0036990995212814793,0.08266417801802263,0.05278301347530869,0.06643356643356642,0.08298711851124856,0.060721895210207495,0.06633235047241896,0.019408039535414336,0.01474604842693432,0.011333081173258153,0.3424927238486561,0.018094578970902806,0.3226377993062055,0.32623003103410936,0.9672059603743732,11
112,xgboost,0.3,expectation,random_2,0.034194182604551315,0.018307935446500778,0.0011719241738319397,0.11880341880341878,0.08913737373737374,0.10334110334110336,0.04360349643532528,0.0286327645169073,0.004772349190393904,0.0393066658066097,0.02887252985858569,0.036744219596716754,0.05271844731494548,0.04412935769677313,0.04128730900166255,0.04199496007408536,0.025675659663959523,1.127365334552266e-05,0.7492546139359698,0.2217760358044933,0.08118969249276689,0.1446657592738349,0.7775579877045633,10
113,xgboost,0.4,expectation,random_2,0.034457288682460785,0.01870732568204403,0.0011719241738319397,0.13234913234913231,0.1089105413105413,0.10787360787360789,0.04175436615970861,0.025248159277594644,1.8857076317359278e-05,0.049387162865068,0.0369750282595952,0.03317493698929219,0.05870900633684095,0.047903646597610046,0.01910753938881249,0.038579988107802866,0.021037360169772777,0.005875366928780101,0.6664018832391714,0.14627060752426108,0.11064619120965095,0.18528849549219678,0.8494229197333103,10
114,xgboost,0.45,expectation,random_2,0.034487176686525345,0.018812259659171104,0.0011719241738319397,0.14242424242424243,0.1183980833980834,0.11344211344211344,0.04290419594042775,0.024179881806342014,0.0021698988606597136,0.05487665951483944,0.041701932435093916,0.023029144768275167,0.06243953924764676,0.04820999211938041,0.00048245220357245877,0.038724703836002225,0.01987691816840873,0.008448894811207586,0.6303175141242938,0.11621767182168655,0.1315481955977083,0.21140331124911604,0.8779554247120963,10
115,xgboost,0.5,expectation,random_2,0.0349484458565712,0.01864996738731861,0.0011719241738319397,0.15231805231805232,0.12866977466977464,0.13403263403263396,0.044831337000680496,0.023351097233784614,0.0017892260762002836,0.06525130160308201,0.04843972167773801,0.012569533590072735,0.07136891266795614,0.04961026059649011,0.02376170250128956,0.039678771415344496,0.018800586000883683,0.008983428754459677,0.5866372881355931,0.08978395887800769,0.15541409069934786,0.23756752267701295,0.9027772880768896,10
116,xgboost,0.55,expectation,random_2,0.03469090536236763,0.018455207347869873,0.0011719241738319397,0.17051282051282052,0.14498174048174048,0.12069412069412074,0.04681684177862282,0.022788725667696134,0.0006083638835876135,0.07807259383410164,0.05715601771456681,0.021673963759547443,0.07932744085587062,0.050132064604184824,0.022847293027849325,0.040447539621616416,0.018063591676233698,0.007926553896774435,0.5378033898305083,0.06664649266628263,0.1848198836536145,0.26542763582380735,0.9242602043466966,10
117,xgboost,0.6,expectation,random_2,0.032897770404815674,0.017744068056344986,0.0011719241738319397,0.17403522403522403,0.14534094794094793,0.11098161098161097,0.040699384233904214,0.016405586583051954,0.0011243699627235017,0.08548003430138329,0.0567894731224867,0.017565485362095512,0.0779915799811206,0.04525105830284849,0.030709891612147322,0.033339318819338645,0.013049545102058819,0.008461133055213788,0.4932323917137477,0.04755166393406301,0.22180936660535586,0.2964915375611871,0.9418914191704909,10
118,xgboost,0.7,expectation,random_2,0.03257793188095093,0.017571965232491493,0.0011719241738319397,0.1869075369075369,0.1529079772079772,0.14594664594664594,0.021750488885700837,0.005518657139169015,0.0009319756449049001,0.08947432663646802,0.0378769028171283,0.012757201646090566,0.0848019045300041,0.04344278398389258,0.08068783068783074,0.012685542781494807,0.007024624543635581,0.009524096891443845,0.4189905838041431,0.02321178712278991,0.3127513489144723,0.3533455615201167,0.9639650012988137,10
119,mlp,0.3,expectation,random_2,0.02307301530471215,0.013337872242698303,0.0038971900939941406,0.10888968581276273,0.06373769250692327,0.09764309764309766,0.02703556186570362,0.010180278874470454,0.00702160260974985,0.02530886194248893,0.01713846768449787,0.018687121571588222,0.03508223185811163,0.026186779625003962,0.016371290415186424,0.02471978050034627,0.011197432655236456,0.01178145004140807,0.7343995364334348,0.25339933394916336,0.07403835759796759,0.13203150988580245,0.7463201742408601,13
120,mlp,0.4,expectation,random_2,0.023312479257583618,0.01348657873570919,0.0038971900939941406,0.12819217819217818,0.0913990675990676,0.10670810670810671,0.016505165985721076,0.009663989852412371,0.011650355203486576,0.01941943367746869,0.013241694372941556,0.006097146263497555,0.028304710742807104,0.019044008176524477,0.022181710264128573,0.019671281670299655,0.013067413740123723,0.01741951259595642,0.655372504708098,0.16778874462711038,0.10101511266136202,0.16987461783639188,0.8281459087366873,10
121,mlp,0.45,expectation,random_2,0.02250401973724365,0.013031980262696743,0.0038971900939941406,0.12152292152292152,0.0871058793058793,0.10800310800310797,0.014785237887508181,0.00990045320182412,0.009601056312270017,0.020419503738945986,0.013266554076755352,0.010808893093661315,0.032929863733925875,0.019385006676800032,0.03120518203954742,0.018651438050943304,0.01386050315641193,0.01577200681941482,0.6150900188323918,0.1317849692028183,0.11934037863965319,0.19311590356400274,0.8623959390423414,10
122,mlp,0.5,expectation,random_2,0.022174924612045288,0.012699285377562045,0.0038971900939941406,0.13214193214193215,0.10587042217042217,0.10204610204610198,0.01243436481356458,0.007996281771645627,0.009838764492575588,0.031834566210567704,0.013702604202241125,0.02926161586268128,0.05448982122427983,0.020651219633093187,0.05051664753157292,0.018705084363400636,0.013218452381203578,0.016443301632262264,0.5593766478342749,0.09624520760402358,0.14311290662767195,0.21951139708154357,0.8958378820677115,10
123,mlp,0.55,expectation,random_2,0.02312731146812439,0.013162268733978272,0.0038971900939941406,0.11204351204351201,0.08393315203315203,0.09052059052059054,0.013638105924787518,0.010249269614163836,0.007290523319812378,0.0353675974128775,0.014651745188975687,0.03017902813299228,0.05767743030060698,0.022717554826831875,0.05202434028196157,0.0191247657024357,0.015817091976794116,0.014043626144675248,0.4964090395480227,0.05985013515309966,0.1872310984235951,0.26276512990193146,0.9299487055156291,10
124,mlp,0.6,expectation,random_2,0.023222026228904725,0.013352528110146523,0.0038971900939941406,0.12615902615902616,0.10161623931623934,0.07264957264957266,0.015785674120333583,0.010257704874984773,0.005783703093713904,0.05302831310026666,0.028215086109678933,0.04361830815539991,0.0740715476684216,0.04787999820135269,0.05794937428896478,0.021797311830517575,0.01697662258165818,0.012744292381415723,0.43598003766478344,0.03507630611069261,0.2480497793249083,0.3075381000763173,0.9527638063901638,10
125,mlp,0.7,expectation,random_2,0.022682464122772215,0.01291108749359846,0.0038971900939941406,0.09721574721574724,0.07592849002849003,0.06190106190106193,0.012856356477899459,0.007690749947584122,0.0036990995212814793,0.08747440533660258,0.055978605743968415,0.06643356643356642,0.08659428894299781,0.0645967096912661,0.06633235047241896,0.019623073237691357,0.014857680700837816,0.011333081173258153,0.3422896421845575,0.01805181902778393,0.3228189020843553,0.32630789492436824,0.9672430686639537,10
126,xgboost,0.3,same,random_2,0.03210298344492912,0.017424367368221283,0.0011719241738319397,0.1173141673141673,0.082093783993784,0.10334110334110336,0.046674984741330985,0.02982528435159702,0.004772349190393904,0.0397668309585437,0.029648122727311405,0.036744219596716754,0.05445180168953033,0.04559849338697714,0.04128730900166255,0.045134933271728114,0.027004838317423518,1.127365334552266e-05,0.7496395480225988,0.22232859485088846,0.08095424510569303,0.14431662393616324,0.7770269806909689,10
127,xgboost,0.4,same,random_2,0.0319577194750309,0.01739056035876274,0.0011719241738319397,0.1313001813001813,0.1080149443149443,0.10787360787360789,0.042142219958986836,0.024693656280449207,1.8857076317359278e-05,0.04684022086069697,0.03591620408701098,0.03317493698929219,0.058378007051157185,0.04671129524184013,0.01910753938881249,0.038862834725770165,0.020660831958239013,0.005875366928780101,0.6654711864406779,0.14700864979837816,0.11003594902632677,0.18440245777553513,0.8486804485236817,10
128,xgboost,0.45,same,random_2,0.03192629665136337,0.017378471791744232,0.0011719241738319397,0.14226884226884226,0.11676744366744365,0.11344211344211344,0.04361424820778776,0.024498842641608586,0.0021698988606597136,0.05483771434323387,0.0422690567016793,0.023029144768275167,0.0649059065939392,0.04907761040151208,0.00048245220357245877,0.03942220386418636,0.020230769197147683,0.008448894811207586,0.6311073446327684,0.1157599503700093,0.13207238175330055,0.21211582239158813,0.8784207810200018,10
129,xgboost,0.5,same,random_2,0.031389232724905014,0.017050471156835556,0.0011719241738319397,0.15424760424760425,0.1309628852628853,0.13403263403263396,0.04233351144988717,0.022795180336690847,0.0017892260762002836,0.06311807370345945,0.04758576281744038,0.012569533590072735,0.06816623463038969,0.04845180489576286,0.02376170250128956,0.03687888123399119,0.018084242621800823,0.008983428754459677,0.5838222222222222,0.08954470687286746,0.15518655238685614,0.2371167456207483,0.9029463243570873,10
130,xgboost,0.55,same,random_2,0.032321956008672714,0.017657188698649406,0.0011719241738319397,0.18623413623413626,0.15414602434602437,0.12069412069412074,0.04729395266913344,0.02298237699964403,0.0006083638835876135,0.07534644142789362,0.05628381710677553,0.021673963759547443,0.07354846426865429,0.04661865358575521,0.022847293027849325,0.04050102466657268,0.017755269106626878,0.007926553896774435,0.535131450094162,0.06623615899322019,0.18424536070299619,0.2647537837893521,0.9245996796259416,10
131,xgboost,0.6,same,random_2,0.03208843991160393,0.017547830939292908,0.0011719241738319397,0.18333333333333332,0.14625853405853406,0.11098161098161097,0.04165866906486755,0.01609622992140067,0.0011243699627235017,0.0843701088025969,0.05646583973056627,0.017565485362095512,0.07460331098400355,0.042720358426519785,0.030709891612147322,0.03379435843477561,0.012672010385385924,0.008461133055213788,0.49407984934086624,0.04731949306509505,0.22283635805429816,0.2976561315522298,0.94213773486882,10
132,xgboost,0.7,same,random_2,0.03220971301198006,0.017447369173169136,0.0011719241738319397,0.19794094794094796,0.15746063196063195,0.14594664594664594,0.021492662804033818,0.005279348118692616,0.0009319756449049001,0.08916145922180853,0.03516009839964558,0.012757201646090566,0.08373888109795277,0.04492014197865897,0.08068783068783074,0.012303858778622057,0.007060888630954667,0.009524096891443845,0.4175638418079096,0.022796401825674658,0.315263461438433,0.3546217258213993,0.9643380379253615,10
133,mlp,0.3,same,random_2,0.022821726707311776,0.013061601641086431,0.0038971900939941406,0.10933795549180167,0.05531187615803001,0.09764309764309766,0.027919930244556666,0.009911207045277414,0.00702160260974985,0.02539844247244303,0.017706380970497523,0.018687121571588222,0.035748880172262625,0.027239195954605024,0.016371290415186424,0.025408909806140446,0.010920492569055567,0.01178145004140807,0.7319411849920325,0.2542392124647631,0.07371711853404235,0.13145313862402702,0.7454430886457035,13
134,mlp,0.4,same,random_2,0.0234688937664032,0.01330051871687174,0.0038971900939941406,0.12162652162652159,0.08045936285936287,0.10670810670810671,0.017911456744300103,0.009930251512476559,0.011650355203486576,0.021306715773644173,0.014466355050070556,0.006097146263497555,0.02984338486672448,0.020399961528570817,0.022181710264128573,0.019529378326745096,0.013023625197567761,0.01741951259595642,0.6504930320150659,0.16584396685425623,0.10121965918916649,0.17004601734559432,0.8299338037925361,10
135,mlp,0.45,same,random_2,0.02260468006134033,0.012886073479056358,0.0038971900939941406,0.12846412846412844,0.09791067081067081,0.10800310800310797,0.013147300546720916,0.008572134172324448,0.009601056312270017,0.019050632351577272,0.01228403443628489,0.010808893093661315,0.03402150590686489,0.018169016490158264,0.03120518203954742,0.017889886188550853,0.012838933604029625,0.01577200681941482,0.6085295668549906,0.12997924402889174,0.11964531961973301,0.19324599311705215,0.8640093341414842,10
136,mlp,0.5,same,random_2,0.022076774727214466,0.012550465586510573,0.0038971900939941406,0.13031244849426668,0.09405848696757788,0.102046102046102,0.012607847545712413,0.008056895860519483,0.00983876449257559,0.03194202951471511,0.015357080241832088,0.02926161586268128,0.05474059157472007,0.023178839162318013,0.05051664753157292,0.01873967000816401,0.013004483998337023,0.016443301632262264,0.5518370142098955,0.09563462336396267,0.14252997861997715,0.2181744579966096,0.8962611009217641,11
137,mlp,0.55,same,random_2,0.022015154361724854,0.012871432009339332,0.0038971900939941406,0.12429422429422428,0.09649678839678841,0.09052059052059054,0.01288417046796991,0.009600125455251851,0.007290523319812378,0.0385184599590173,0.016354604259780473,0.03017902813299228,0.06057784378039455,0.02633107482338266,0.05202434028196157,0.018996066700720748,0.015546802152869896,0.014043626144675248,0.48864858757062146,0.058811831435281604,0.18770959922234307,0.262307688992791,0.9307847346090572,10
138,mlp,0.6,same,random_2,0.022626626950043898,0.013216871306300164,0.0038971900939941406,0.11584284661207736,0.08954164923395692,0.07264957264957264,0.016149418074064344,0.01090013832371305,0.005783703093713903,0.054133398250538485,0.028754214253219428,0.04361830815539991,0.07061020636769706,0.045186901774893276,0.057949374288964774,0.02216853790839673,0.017437718486450968,0.012744292381415723,0.4240764884832681,0.034579709650919825,0.24563798467789838,0.3025874458323654,0.9529753358599147,13
139,mlp,0.7,same,random_2,0.023460587859153746,0.0137084852963686,0.0038971900939941406,0.10174825174825175,0.07578381248381248,0.06190106190106193,0.013857415223340618,0.008143770712171813,0.0036990995212814793,0.09434710562272768,0.06276402110372066,0.06643356643356642,0.09228932810335208,0.0680121865554437,0.06633235047241896,0.020787435145596212,0.015343573550369454,0.011333081173258153,0.3370885122410546,0.017916621615633444,0.3217910755303426,0.3232951059438108,0.9672555892285046,10
140,xgboost,0.3,random_1,random_2,0.034344568848609924,0.01872808299958706,0.0011719241738319397,0.11214711214711212,0.08008168868168868,0.10334110334110336,0.04554630458973496,0.029795121569287947,0.004772349190393904,0.040715811722906434,0.029965104710809654,0.036744219596716754,0.05519177277126397,0.046144484090561586,0.04128730900166255,0.04424349174102403,0.02703569503308757,1.127365334552266e-05,0.7508000000000001,0.22264755616608323,0.08094987375261511,0.14432056868463278,0.7767420296129536,10
141,xgboost,0.4,random_1,random_2,0.03439303860068321,0.018518012017011642,0.0011719241738319397,0.13505568505568505,0.10561680911680912,0.10787360787360789,0.042420461768482506,0.025424292649500597,1.8857076317359278e-05,0.049332362202831014,0.037418243237121555,0.03317493698929219,0.0604032193562706,0.04873223187018944,0.01910753938881249,0.03916620753156006,0.02139509599998119,0.005875366928780101,0.6694244821092279,0.1464247529578588,0.1111807991963161,0.18614182845780997,0.8493418044852369,10
142,xgboost,0.45,random_1,random_2,0.034131377935409546,0.018341083079576492,0.0011719241738319397,0.1481351981351981,0.12228995078995078,0.11344211344211344,0.04181723835391864,0.0234920086917929,0.0021698988606597136,0.05239488934105432,0.040994373732422734,0.023029144768275167,0.0617934407194727,0.04718150122845162,0.00048245220357245877,0.03765981081845097,0.019160686868731933,0.008448894811207586,0.6345706214689266,0.11554417512296718,0.13225698345578613,0.21272071806642062,0.8787112130920425,10
143,xgboost,0.5,random_1,random_2,0.03433346375823021,0.01835264451801777,0.0011719241738319397,0.16525511525511524,0.1359914788914789,0.13403263403263396,0.042960840638508344,0.02227890702584486,0.0017892260762002836,0.061888386750331995,0.04565281897741961,0.012569533590072735,0.06508715492101239,0.0460044054342576,0.02376170250128956,0.037811898129339175,0.01763371297712648,0.008983428754459677,0.5868079096045198,0.08996783799353039,0.15518408219711355,0.23723779115323626,0.9026015585765002,10
144,xgboost,0.55,random_1,random_2,0.03389175981283188,0.017841150984168053,0.0011719241738319397,0.17878787878787883,0.15224643874643876,0.12069412069412074,0.04513674105797757,0.021514545042026715,0.0006083638835876135,0.0743805736004668,0.05447151876726747,0.021673963759547443,0.07282616411524302,0.04564602441202839,0.022847293027849325,0.03860992659043065,0.016574399227314657,0.007926553896774435,0.5376101694915254,0.06587034164931095,0.18595969157084657,0.2667938815745261,0.9250140704822929,10
145,xgboost,0.6,random_1,random_2,0.03356390818953514,0.01787218451499939,0.0011719241738319397,0.19198394198394195,0.15354379694379697,0.11098161098161097,0.04146997822311832,0.016388582213297788,0.0011243699627235017,0.08019578374662314,0.055159111640336454,0.017565485362095512,0.07029525172868092,0.039916135157671756,0.030709891612147322,0.033586092760946054,0.012672763016291878,0.008461133055213788,0.496165725047081,0.04782873221961271,0.2223075473082014,0.29743263287759447,0.9416881548185991,10
146,xgboost,0.7,random_1,random_2,0.03246133774518967,0.0176827535033226,0.0011719241738319397,0.1895752395752396,0.15420098420098421,0.14594664594664594,0.021770669986312625,0.0054574884681117914,0.0009319756449049001,0.08987470553280527,0.037295447818199615,0.012757201646090566,0.08415368295992387,0.04271227928112693,0.08068783068783074,0.012690519466434258,0.006991274014464158,0.009524096891443845,0.421083615819209,0.02310256569326893,0.3144113163818094,0.3552264053906152,0.964119828556585,10
147,mlp,0.3,random_1,random_2,0.023345962166786194,0.013462758237762109,0.0038971900939941406,0.10914085914085914,0.05989308839308839,0.09764309764309766,0.028282572447839906,0.010578775324024249,0.00702160260974985,0.02479326000339454,0.017339752095724158,0.018687121571588222,0.03550573646445516,0.02659538036514325,0.016371290415186424,0.025944193443696233,0.011718343131406989,0.01178145004140807,0.7357175141242938,0.2539035443662997,0.07395743051602525,0.13193009107648973,0.7458578541122918,14
148,mlp,0.4,random_1,random_2,0.023346646265550094,0.013470190110531721,0.0038971900939941406,0.11516093334275154,0.077637234819053,0.10670810670810672,0.01711502919970545,0.009313018499756374,0.011650355203486578,0.022223525358592858,0.015089831065952169,0.006097146263497555,0.030952293272485363,0.02177528244497799,0.022181710264128573,0.019102245113809858,0.012369991226664297,0.01741951259595642,0.6560575243965073,0.16827366589186948,0.10068375947414783,0.16946105518467894,0.8276878832484512,11
149,mlp,0.45,random_1,random_2,0.02349298894405365,0.013531836447119713,0.0038971900939941406,0.11724941724941726,0.08265589225589225,0.10800310800310797,0.01360859345486444,0.009300207802295051,0.009601056312270017,0.020824240067184197,0.014145076653295391,0.010808893093661315,0.03381402281950881,0.020593878320637707,0.03120518203954742,0.018214082095225938,0.013165682806298077,0.01577200681941482,0.6182305084745763,0.131016138609474,0.12030487975095065,0.1946270880163601,0.8632192917135683,10
150,mlp,0.5,random_1,random_2,0.02289212942123413,0.013346241791546346,0.0038971900939941406,0.13530173530173534,0.10533421393421391,0.10204610204610198,0.01289440400657967,0.008693031184564088,0.009838764492575588,0.03206846066952272,0.014259983796583619,0.02926161586268128,0.054431138235079654,0.022355963472222132,0.05051664753157292,0.01910792304519824,0.013861432250136202,0.016443301632262264,0.5622090395480226,0.09597345681747685,0.14410074736599085,0.22093417164282875,0.8961684994371808,10
151,mlp,0.55,random_1,random_2,0.023230029477013484,0.01323862636089325,0.0038971900939941406,0.1142622809289476,0.09101871996316441,0.09052059052059053,0.013418699632940507,0.010528844266004872,0.007290523319812378,0.0361778179212198,0.014459542563277373,0.030179028132992287,0.05799368716269896,0.02337746761977695,0.05202434028196157,0.019120813560145857,0.016274870417794962,0.014043626144675248,0.4935304456999372,0.06006591236958588,0.18631728819216922,0.2613425068303964,0.9296717127986069,18
152,mlp,0.6,random_1,random_2,0.02357563105496493,0.013525188981132075,0.0038971900939941406,0.12067057521602975,0.09412064702973795,0.07264957264957266,0.01591488118131579,0.010475416466900778,0.005783703093713904,0.052634357407414914,0.02617633183149002,0.04361830815539991,0.07188394769203646,0.043957501868626694,0.05794937428896478,0.02193905007013096,0.017042630328132313,0.012744292381415723,0.43285430576955997,0.03544665783102438,0.24524528339069612,0.30437484481622734,0.9523301112256864,11
153,mlp,0.7,random_1,random_2,0.02327362895011902,0.013478019534051418,0.0038971900939941406,0.09858844858844859,0.07560020720020719,0.06190106190106193,0.012324937681589222,0.00748097724842788,0.0036990995212814793,0.08350256556976529,0.05435434959935644,0.06643356643356642,0.0839740628942493,0.06375037183790323,0.06633235047241896,0.019169879909065636,0.014686299114017452,0.011333081173258153,0.3378399246704331,0.01784415296672132,0.32223903906909346,0.32401607964536455,0.9673436661182786,10
154,xgboost,0.3,random_2,random_2,0.03407745808362961,0.018513944000005722,0.0011719241738319397,0.11687386687386687,0.08391836311836312,0.10334110334110336,0.045048252627627336,0.028733489300129922,0.004772349190393904,0.039900567913577725,0.02937995497718849,0.036744219596716754,0.05382081827620636,0.04512376459361727,0.04128730900166255,0.04376412936921138,0.025909123882197675,1.127365334552266e-05,0.7507190207156308,0.2224717862365401,0.08091266890670587,0.14426820637249543,0.776911897133951,10
155,xgboost,0.4,random_2,random_2,0.03385503217577934,0.018245557323098183,0.0011719241738319397,0.13325563325563322,0.10238065268065269,0.10787360787360789,0.04232697190745923,0.025065351673018453,1.8857076317359278e-05,0.049989833909352174,0.03772693690717358,0.03317493698929219,0.062202374989200115,0.049226702878236356,0.01910753938881249,0.03933653163462488,0.021018354843001717,0.005875366928780101,0.670337099811676,0.1466271812824035,0.11130260469380857,0.18630756596268733,0.849165009957572,10
156,xgboost,0.45,random_2,random_2,0.033512406051158905,0.01790490373969078,0.0011719241738319397,0.1517094017094017,0.11997285677285678,0.11344211344211344,0.04176187265066662,0.02317757839748505,0.0021698988606597136,0.052145106929598464,0.039764898123455135,0.023029144768275167,0.06242424388655506,0.045768976143565634,0.00048245220357245877,0.03745465745667463,0.019094861622536746,0.008448894811207586,0.6292828625235406,0.11621804404661673,0.13110488435576717,0.21075671655346379,0.8779312754351025,10
157,xgboost,0.5,random_2,random_2,0.03411900997161865,0.018285581842064857,0.0011719241738319397,0.1576146076146076,0.12954374514374514,0.13403263403263396,0.041465310168490775,0.022752041893519058,0.0017892260762002836,0.0648282237597991,0.04797966706077461,0.012569533590072735,0.06930277456572345,0.04901847214903162,0.02376170250128956,0.036359765669579346,0.01813666756654937,0.008983428754459677,0.5862082862523541,0.0899060752426109,0.15513310611356873,0.2371461226825132,0.9026481167200622,10
158,xgboost,0.55,random_2,random_2,0.03363637253642082,0.017595680430531502,0.0011719241738319397,0.17964257964257965,0.14999178969178967,0.12069412069412074,0.04514927346931811,0.021531428249338104,0.0006083638835876135,0.0740430405978186,0.055171698274571176,0.021673963759547443,0.07569276699115711,0.04594875379506933,0.022847293027849325,0.038410381419041885,0.016630680237774014,0.007926553896774435,0.5386199623352167,0.06577440510479904,0.1863979863426785,0.26751676262825047,0.9251310156723525,10
159,xgboost,0.6,random_2,random_2,0.03355420008301735,0.018051108345389366,0.0011719241738319397,0.1753172753172753,0.14434317534317534,0.11098161098161097,0.04037489637297922,0.01622170171723423,0.0011243699627235017,0.08628903498035415,0.05738367570382095,0.017565485362095512,0.07631633199976001,0.044548503344913386,0.030709891612147322,0.03285504909254022,0.01276570066026834,0.008461133055213788,0.49302636534839933,0.04742717241990517,0.2221713198760117,0.2967646572730085,0.9420083124080006,10
160,xgboost,0.7,random_2,random_2,0.032665885984897614,0.017598707228899002,0.0011719241738319397,0.19480704480704478,0.15649215229215227,0.14594664594664594,0.021147346840171784,0.005132086229373147,0.0009319756449049001,0.08553104215913246,0.0339605040402187,0.012757201646090566,0.08461745753056735,0.0430683879493156,0.08068783068783074,0.012045866949066652,0.006917086882549691,0.009524096891443845,0.41924143126177016,0.023005787211414896,0.3146297133228041,0.35465488725371663,0.964172032210581,10
161,mlp,0.3,random_2,random_2,0.021778851747512817,0.012505241093039512,0.0038971900939941406,0.10694120694120693,0.05182413882413883,0.09764309764309764,0.025852354859366673,0.008753401743888514,0.00702160260974985,0.025635195265629185,0.01860114258800501,0.018687121571588222,0.03696523032511025,0.028801607036436278,0.016371290415186424,0.02336761267489007,0.009349342905770285,0.01178145004140807,0.7388018832391714,0.25356556033145744,0.07440784990906582,0.1327001385548424,0.7462589748030133,10
162,mlp,0.4,random_2,random_2,0.023256629705429077,0.013467103284597399,0.0038971900939941406,0.12135457135457131,0.09153662263662263,0.10670810670810671,0.01731773217706093,0.010229402043452962,0.011650355203486576,0.01959362993222416,0.012949943043630577,0.006097146263497555,0.027433090144466488,0.018573633968395224,0.022181710264128573,0.019826882201234474,0.013643285580870768,0.01741951259595642,0.65325197740113,0.16798400319049941,0.10087719909477495,0.16956774646269077,0.8279063901636505,10
163,mlp,0.45,random_2,random_2,0.023137715458869935,0.013261308304965493,0.0038971900939941406,0.12386687386687383,0.09082942242942244,0.10800310800310797,0.014770431093146375,0.00948074862829977,0.009601056312270017,0.019405936551646,0.013048964746452058,0.010808893093661315,0.03354948650617649,0.019032743995305836,0.03120518203954742,0.018790842501817794,0.013545171581688137,0.01577200681941482,0.6160278719397364,0.13133113838791158,0.11947166574332968,0.19341990823452745,0.8628608970473634,10
164,mlp,0.5,random_2,random_2,0.022309496998786926,0.01262330201268196,0.0038971900939941406,0.11991711991711992,0.09004788914788914,0.10204610204610198,0.012106346484518003,0.007093412159124968,0.009838764492575588,0.031695005009637095,0.015944924747805133,0.02926161586268128,0.053467341377125235,0.02298982209331961,0.05051664753157292,0.018110135394165183,0.011895209170580444,0.016443301632262264,0.5589838041431261,0.09637333274250011,0.14326448333676584,0.2196291868147469,0.8957036713135336,10
165,mlp,0.55,random_2,random_2,0.022814647356669108,0.013168689380089443,0.0038971900939941406,0.1168091168091168,0.09343586290252957,0.09052059052059055,0.013747117258361748,0.010403063705844987,0.007290523319812378,0.03672644967698817,0.015520776187229602,0.03017902813299228,0.05857051424527957,0.025605583280208767,0.05202434028196157,0.019626041865927476,0.01620164600764667,0.014043626144675248,0.49462473320778416,0.05959584644244546,0.18713675022277773,0.2625123976227092,0.9301561289577741,15
166,mlp,0.6,random_2,random_2,0.02330678403377533,0.013222805826365949,0.0038971900939941406,0.10646205646205649,0.08166614866614866,0.07264957264957266,0.016308031724127692,0.010874605417850533,0.005783703093713904,0.05244636521844449,0.024829884292380158,0.04361830815539991,0.06858295037512738,0.039109831387008326,0.05794937428896478,0.02193660022907823,0.017123545805727704,0.012744292381415723,0.43597702448210923,0.03518178756591482,0.24731575657312913,0.3069625197190622,0.952660680578405,10
167,mlp,0.7,random_2,random_2,0.02196757359938188,0.012686636422168125,0.0038971900939941406,0.09979750888841799,0.07437854065126792,0.06190106190106193,0.012644932578537023,0.007594687781268086,0.0036990995212814793,0.0836907457135958,0.05403103206744666,0.06643356643356642,0.08516455122628268,0.06306227018547671,0.06633235047241896,0.01947980973909594,0.014758249876739293,0.011333081173258153,0.3389477829138846,0.01801591221292555,0.32122274498215586,0.32392138827261446,0.9672013240028651,11
