,USME,CIUDAD BOLIVAR,SAN CRISTOBAL,RAFAEL URIBE,TUNJUELITO,SANTA FE,ANTONIO NARINO,PUENTE ARANDA,LOS MARTIRES,CANDELARIA,BOSA,KENNEDY,TEUSAQUILLO,CHAPINERO,FONTIBON,ENGATIVA,BARRIOS UNIDOS,USAQUEN,SUBA
1900,0,0,2,3,5,0,1,5,5,0,4,15,0,0,0,6,0,4,0
1901,0,0,0,3,5,0,1,6,4,0,6,15,0,0,0,5,0,5,0
1902,0,0,1,3,5,0,1,5,4,0,5,14,0,0,0,6,0,6,0
1903,0,0,2,3,5,0,1,5,3,0,5,14,0,0,0,6,0,6,0
1904,0,0,2,3,5,0,2,5,4,0,5,14,0,0,0,6,0,4,0
1905,0,0,1,3,5,0,2,6,2,0,6,14,0,0,0,5,0,6,0
1906,0,0,0,5,5,0,2,6,2,0,6,14,0,0,0,6,0,4,0
1907,0,0,0,5,5,0,1,6,3,0,5,15,0,0,0,6,0,4,0
1908,0,0,0,4,5,0,1,4,4,0,6,13,1,0,0,7,0,5,0
1909,0,0,1,4,5,0,1,3,3,0,5,15,1,0,0,6,0,6,0
1910,0,0,1,5,5,0,1,3,2,0,5,17,1,0,0,4,0,6,0
1911,0,0,1,5,5,0,1,3,3,0,7,15,0,0,0,4,0,6,0
1912,0,0,1,4,7,0,1,3,3,0,7,16,0,0,0,4,0,4,0
1913,0,0,1,5,6,0,1,3,3,0,7,16,0,0,0,5,0,3,0
1914,0,0,1,6,5,0,1,4,3,0,7,16,0,0,0,4,0,3,0
1915,0,0,0,5,7,0,2,4,3,0,7,16,0,0,0,4,0,2,0
1916,0,0,0,5,4,0,2,3,3,0,7,16,0,0,0,6,1,3,0
1917,0,0,1,5,4,0,2,4,3,0,7,15,0,0,0,5,1,3,0
1918,0,0,0,5,5,0,2,4,2,0,7,17,0,0,0,4,1,3,0
1919,0,0,1,5,6,0,2,5,2,0,7,15,0,0,0,3,1,3,0
1920,0,0,0,6,6,0,2,4,3,0,5,16,0,0,0,3,1,4,0
1921,0,0,0,6,6,0,2,4,2,0,5,16,0,0,0,3,1,5,0
1922,0,0,0,6,6,0,2,5,3,0,6,15,0,0,0,3,0,4,0
1923,0,0,0,6,5,0,2,3,3,0,7,16,0,0,0,2,1,5,0
1924,0,0,0,6,6,0,2,3,2,0,7,18,0,0,0,2,0,4,0
1925,0,0,0,6,6,0,2,3,3,0,6,17,1,0,0,2,1,3,0
1926,0,0,0,6,6,0,2,3,3,0,7,15,1,0,0,2,2,3,0
1927,0,0,0,6,6,0,3,3,3,0,6,17,1,0,0,2,1,2,0
1928,0,0,1,6,6,0,2,3,3,0,7,16,0,0,0,3,0,3,0
1929,0,0,1,6,6,0,1,3,3,0,9,16,1,0,0,2,0,2,0
1930,0,0,2,6,6,0,2,3,3,0,6,14,1,0,0,2,1,4,0
1931,0,0,0,6,6,0,1,2,3,0,7,17,1,0,0,3,1,3,0
1932,0,0,1,6,6,0,0,2,3,0,6,16,1,0,0,4,2,3,0
1933,0,0,0,6,8,0,1,2,3,0,5,16,0,0,0,4,3,2,0
1934,0,0,1,6,8,0,1,2,4,0,6,15,0,0,0,3,2,2,0
1935,0,0,1,6,9,0,1,2,3,0,7,15,0,0,0,3,2,1,0
1936,0,0,0,6,8,0,0,2,3,0,6,17,0,0,0,4,2,2,0
1937,0,0,0,5,6,0,2,3,4,0,7,16,0,0,0,2,2,3,0
1938,0,0,1,5,7,0,1,2,3,0,7,15,0,0,0,3,3,3,0
1939,0,0,0,5,7,0,1,3,3,0,4,19,0,0,0,2,3,3,0
1940,0,0,0,4,7,0,2,2,2,0,7,17,0,0,0,2,4,3,0
1941,0,0,0,5,5,0,2,2,2,0,7,17,0,0,0,3,4,3,0
1942,0,0,1,4,5,0,2,2,2,0,7,17,0,0,0,3,4,3,0
1943,0,0,1,5,5,0,2,2,2,0,5,17,0,0,0,4,5,2,0
1944,0,0,0,5,5,0,1,2,3,0,7,16,0,0,0,5,4,2,0
1945,0,0,0,5,4,0,1,3,3,0,6,16,0,0,0,5,5,2,0
1946,0,0,1,5,4,0,1,3,2,0,5,19,0,0,0,4,5,1,0
1947,0,0,2,5,5,0,1,3,2,0,6,16,0,0,0,4,4,2,0
1948,0,0,1,5,4,0,1,4,3,0,6,17,0,0,0,4,3,2,0
1949,0,0,1,5,5,0,1,3,3,0,5,17,0,0,0,5,3,2,0
1950,0,0,2,5,5,0,1,3,3,0,5,16,0,0,0,5,4,1,0
1951,0,0,3,5,4,0,1,3,3,0,5,17,0,0,0,4,4,1,0
1952,0,0,2,5,3,0,1,3,3,0,5,16,1,0,0,5,5,1,0
1953,0,0,3,4,3,0,1,3,3,0,5,18,1,0,0,3,5,1,0
1954,0,0,3,5,4,0,1,3,3,0,5,16,0,0,0,4,5,1,0
1955,0,0,2,5,4,0,1,3,2,0,6,17,1,0,0,3,5,1,0
1956,0,0,2,5,3,0,2,3,3,0,6,17,0,0,0,3,5,1,0
1957,0,0,3,5,4,0,1,3,3,0,5,16,1,0,0,3,5,1,0
1958,0,0,2,5,4,0,1,3,3,0,5,18,0,0,0,3,4,2,0
1959,0,0,3,5,4,0,1,3,3,0,5,16,0,0,0,3,4,3,0
1960,0,0,3,5,5,0,1,3,2,0,4,18,0,0,0,3,3,3,0
1961,0,0,3,5,5,0,2,3,2,0,4,17,0,0,0,4,3,2,0
1962,0,0,3,6,4,0,1,3,3,0,3,18,0,0,0,4,3,2,0
1963,0,0,3,7,5,0,1,3,2,0,3,16,1,0,1,4,2,2,0
1964,0,0,2,5,6,0,1,3,2,0,2,16,1,0,0,6,4,2,0
1965,0,0,2,5,5,0,1,3,1,0,4,18,1,0,0,5,3,2,0
1966,0,0,1,4,5,0,1,3,1,0,6,18,1,0,0,5,3,2,0
1967,0,0,1,5,5,0,1,3,1,0,7,16,1,0,0,4,4,2,0
1968,0,0,1,5,5,0,2,3,1,0,5,16,1,0,0,5,4,2,0
1969,0,0,1,5,4,0,1,2,1,0,7,16,1,0,0,5,5,2,0
1970,0,0,2,6,4,0,1,2,1,0,5,16,2,0,1,3,5,2,0
1971,0,0,1,6,4,0,1,3,1,0,4,17,1,0,1,4,5,2,0
1972,0,0,2,6,5,0,1,3,1,0,3,18,0,0,1,3,5,2,0
1973,0,0,1,6,5,0,1,3,1,0,5,18,0,0,1,3,3,3,0
1974,0,0,0,6,4,0,1,4,1,0,4,18,0,0,1,4,5,2,0
1975,0,0,0,5,5,0,1,4,1,0,5,18,0,0,1,4,4,2,0
1976,0,0,0,6,5,0,1,4,1,0,4,16,1,0,1,4,4,3,0
1977,0,0,0,6,5,0,2,4,1,0,4,17,1,0,0,4,3,3,0
1978,0,0,0,5,5,0,2,4,1,0,6,16,1,0,0,2,4,4,0
1979,0,0,0,5,4,0,1,2,1,0,7,17,2,0,0,5,3,3,0
1980,0,0,0,5,5,0,2,2,1,0,7,16,2,0,0,4,2,4,0
1981,0,0,0,6,5,0,2,3,1,0,6,17,1,0,1,4,2,2,0
1982,0,0,0,5,5,0,2,3,1,0,5,18,2,0,1,3,2,3,0
1983,0,0,0,6,4,0,1,3,1,0,5,19,2,0,1,3,2,3,0
1984,0,0,0,6,5,0,2,3,1,0,5,18,1,0,1,4,2,2,0
1985,0,0,0,5,5,0,2,3,2,0,4,18,2,0,1,4,2,2,0
1986,0,0,0,5,4,0,2,3,1,0,5,18,2,0,1,6,1,2,0
1987,0,0,0,6,5,0,2,4,1,0,4,17,1,0,1,4,2,3,0
1988,0,0,0,6,5,0,1,4,2,0,3,18,0,0,1,6,1,3,0
1989,0,0,0,5,4,0,3,4,2,0,4,18,1,0,1,5,1,2,0
1990,0,0,0,6,5,0,3,3,2,0,5,18,0,0,1,4,1,2,0
1991,0,0,0,6,5,0,3,3,1,0,6,17,2,0,0,5,0,2,0
1992,0,0,0,4,4,0,1,3,2,0,9,17,2,0,0,5,1,2,0
1993,0,0,0,6,3,0,2,3,2,0,9,17,2,0,0,3,1,2,0
1994,0,0,0,5,3,0,2,3,2,0,8,17,2,0,0,4,1,3,0
1995,0,0,0,5,4,0,2,3,2,0,8,16,1,0,0,4,1,4,0
1996,0,0,0,8,4,0,3,2,2,0,6,15,1,0,0,4,2,3,0
1997,0,0,0,6,4,0,3,3,2,0,6,17,0,0,0,3,2,4,0
1998,0,0,0,6,3,0,3,3,2,0,6,16,0,0,0,5,2,4,0
1999,0,0,0,6,3,0,3,3,2,0,5,17,0,0,0,4,3,4,0
2000,0,0,0,6,3,0,3,3,2,0,6,17,1,0,0,2,3,4,0
2001,0,0,0,5,3,0,2,3,2,0,6,18,0,0,0,4,3,4,0
2002,0,0,0,4,2,0,3,3,2,0,6,18,1,0,0,4,3,4,0
2003,0,0,0,4,2,0,3,3,3,0,5,16,1,0,0,5,3,5,0
2004,0,0,0,4,2,0,3,2,3,0,4,18,1,0,0,4,3,5,1
2005,0,0,0,5,2,0,3,1,3,0,5,18,1,0,0,5,3,4,0
2006,0,0,2,4,2,0,3,2,2,0,5,16,1,0,0,5,3,5,0
2007,0,0,1,4,5,0,3,1,3,0,4,15,1,0,0,5,2,5,1
2008,0,0,0,3,4,0,3,1,3,0,5,16,1,0,0,6,4,4,0
2009,0,0,0,3,4,0,3,2,3,0,4,16,1,0,0,6,4,4,0
2010,0,0,0,3,5,0,3,2,3,0,4,16,1,0,1,5,3,3,1
2011,0,0,0,4,4,0,3,2,3,0,5,16,1,0,0,4,5,2,1
2012,0,0,0,5,4,0,3,2,3,0,5,15,1,0,0,4,5,2,1
2013,0,0,0,6,4,0,2,2,3,0,5,16,1,0,0,4,4,3,0
2014,0,0,0,7,4,0,2,2,3,0,5,17,1,0,0,3,3,3,0
2015,0,0,0,4,3,0,2,2,3,0,7,18,1,0,0,4,4,2,0
2016,0,0,0,5,4,0,2,2,3,0,5,17,1,0,0,4,5,2,0
2017,0,0,0,5,3,0,2,1,3,0,5,18,1,0,0,6,4,2,0
2018,0,0,0,4,4,0,2,1,3,0,4,18,1,0,0,7,4,2,0
2019,0,0,0,6,4,0,2,1,3,0,7,17,1,0,0,4,3,2,0
2020,0,0,0,6,4,0,3,1,3,0,6,16,1,0,0,6,3,1,0
2021,0,0,0,6,4,0,3,1,3,0,5,18,2,0,0,5,2,1,0
2022,0,0,0,5,4,0,3,1,3,0,6,17,2,0,1,5,2,1,0
2023,0,0,0,5,4,0,2,1,3,0,6,18,2,0,1,6,1,1,0
2024,0,0,0,5,4,0,3,1,3,0,7,18,1,0,0,5,2,1,0
2025,0,0,0,5,4,0,3,0,3,0,7,17,1,0,0,6,1,3,0
2026,0,0,0,4,4,0,3,1,3,0,8,15,1,0,0,6,2,3,0
2027,0,0,0,5,4,0,3,1,3,0,7,16,1,0,0,6,2,2,0
2028,0,0,0,6,3,0,2,1,3,0,8,15,1,0,0,6,2,3,0
2029,0,0,0,5,4,0,2,1,3,0,8,16,1,0,0,5,3,2,0
2030,0,0,0,5,4,0,2,1,3,0,8,16,0,0,0,5,4,2,0
2031,0,0,0,4,3,0,2,1,3,0,6,18,1,0,0,5,4,3,0
2032,0,0,0,4,3,0,2,1,2,0,6,19,1,0,0,6,4,2,0
2033,0,0,0,5,3,0,2,1,2,0,7,17,1,0,0,6,4,2,0
2034,0,0,0,5,3,0,2,1,2,0,5,18,1,0,0,7,4,2,0
2035,0,0,0,5,2,0,2,1,3,0,5,19,1,0,0,6,4,2,0
2036,0,0,0,5,2,0,2,1,3,0,4,20,1,0,0,6,4,2,0
2037,0,0,0,5,2,0,2,1,3,0,5,19,1,0,0,6,4,2,0
2038,0,0,0,5,2,0,2,1,3,0,3,20,2,0,0,6,4,2,0
2039,0,0,0,6,3,0,2,0,3,0,4,18,2,0,0,6,4,2,0
2040,0,0,0,5,2,0,2,1,3,0,3,20,1,0,0,6,5,2,0
2041,0,0,0,5,3,0,2,2,2,0,5,20,0,0,0,5,4,2,0
2042,0,0,0,6,3,0,2,1,2,0,3,21,0,0,0,6,4,2,0
2043,0,0,1,6,3,0,2,1,1,0,3,21,0,0,0,6,4,2,0
2044,0,0,1,6,3,0,2,1,1,0,4,21,0,0,0,5,4,2,0
2045,0,0,1,5,3,0,3,1,1,0,5,20,0,0,0,5,4,2,0
2046,0,0,2,5,3,0,2,1,1,0,4,22,0,0,0,5,3,2,0
2047,0,0,1,6,3,0,2,1,2,0,4,21,0,0,0,5,3,2,0
2048,0,0,1,6,3,0,2,1,2,0,4,20,1,0,0,6,2,2,0
2049,0,0,0,6,2,0,3,1,2,0,3,21,0,0,0,6,4,2,0
2050,0,0,0,5,2,0,3,2,2,0,3,21,1,0,0,6,3,2,0
2051,0,0,0,5,2,0,3,2,2,0,3,22,1,0,0,6,2,2,0
2052,0,0,0,5,3,0,3,2,2,0,2,22,0,0,0,6,3,2,0
2053,0,0,1,5,3,0,3,2,2,0,2,19,1,0,0,7,3,2,0
2054,0,0,1,5,2,0,3,1,2,0,2,20,1,0,0,8,3,2,0
2055,0,0,1,5,2,0,3,1,1,0,3,21,1,0,0,7,3,2,0
2056,0,0,0,5,2,0,3,2,0,0,3,21,1,0,0,7,3,3,0
2057,0,0,0,5,2,0,3,1,0,0,3,22,1,0,0,7,3,3,0
2058,0,0,0,4,2,0,3,1,1,0,3,20,1,0,1,9,3,2,0
2059,0,0,0,4,2,0,3,2,2,0,3,19,1,0,1,8,3,2,0
2060,0,0,1,4,2,0,3,2,2,0,3,20,1,0,1,5,3,3,0
2061,0,0,2,4,2,0,3,2,2,0,3,20,0,0,1,6,3,2,0
2062,0,0,3,4,2,0,3,1,2,0,3,20,1,0,1,6,3,1,0
2063,0,0,3,5,2,0,3,1,1,0,3,20,0,0,1,7,3,1,0
2064,0,0,3,5,2,0,3,1,1,0,3,19,0,0,1,8,3,1,0
2065,0,0,3,5,2,0,3,1,1,0,2,20,0,0,1,8,3,1,0
2066,0,0,3,5,1,0,3,1,1,0,2,20,1,0,1,8,3,1,0
2067,0,0,3,5,2,0,3,0,1,0,2,20,1,0,1,8,3,1,0
2068,0,0,3,4,1,0,3,0,2,0,3,20,1,0,0,9,3,1,0
2069,0,0,3,4,2,0,3,0,2,0,3,19,1,0,2,7,3,1,0
2070,0,0,3,5,2,0,3,0,2,0,3,19,1,0,2,6,3,1,0
2071,0,0,3,5,2,0,3,0,2,0,3,18,1,0,2,8,2,1,0
2072,0,0,3,5,2,0,2,0,2,0,3,19,1,0,2,7,2,2,0
2073,0,0,3,5,2,0,2,0,1,0,4,20,0,0,2,9,1,1,0
2074,0,0,4,5,1,0,2,0,1,0,5,20,0,0,2,7,1,2,0
2075,0,0,3,5,2,0,2,0,2,0,3,19,0,0,3,9,1,1,0
2076,0,0,3,4,3,0,2,0,1,0,5,18,0,0,2,9,1,2,0
2077,0,0,3,5,3,0,1,0,1,0,6,19,0,0,1,8,1,2,0
2078,0,0,4,4,3,0,1,1,2,0,2,20,0,0,1,9,1,2,0
2079,0,0,5,4,3,0,1,1,3,0,1,20,0,0,0,7,3,2,0
2080,0,0,4,5,2,0,1,1,2,0,2,20,0,0,1,8,2,2,0
2081,0,0,5,5,3,0,1,0,3,0,3,19,0,0,0,7,2,2,0
2082,0,0,4,4,2,0,1,0,2,0,4,19,0,0,1,8,3,2,0
2083,0,0,4,5,3,0,1,0,2,0,3,18,0,0,1,9,3,1,0
2084,0,0,4,4,3,0,1,0,1,0,5,19,0,0,1,8,3,1,0
2085,0,0,4,4,1,0,1,0,2,0,3,22,0,0,2,8,2,1,0
2086,0,0,3,5,2,0,1,0,2,0,4,22,0,0,2,6,2,1,0
2087,0,0,3,5,1,0,1,0,2,0,3,23,0,0,1,8,2,1,0
2088,0,0,3,4,1,0,1,0,2,0,5,21,0,0,1,9,2,1,0
2089,0,0,3,5,1,0,1,0,2,0,5,21,0,0,1,9,2,0,0
2090,0,0,3,4,2,0,1,0,2,0,6,19,0,0,1,9,3,0,0
2091,0,0,3,4,1,0,1,0,3,0,5,19,0,0,2,8,3,1,0
2092,0,0,3,4,1,0,1,0,3,0,4,21,0,0,2,8,3,0,0
2093,0,0,3,4,1,0,1,0,3,0,5,21,0,0,2,7,3,0,0
2094,0,0,3,5,2,0,1,0,2,0,6,18,0,0,2,8,3,0,0
2095,0,0,2,6,2,0,1,1,2,0,5,18,0,0,1,10,2,0,0
2096,0,0,3,6,1,0,1,1,3,0,5,15,0,0,1,11,3,0,0
2097,0,0,4,5,1,0,1,1,3,0,4,17,0,0,2,8,3,1,0
2098,0,0,4,5,3,0,2,1,2,0,4,14,0,0,2,9,3,1,0
2099,0,0,4,5,2,0,1,2,2,0,4,14,1,0,2,10,3,0,0
2100,0,0,4,5,3,0,1,2,2,0,5,13,1,0,2,9,3,0,0
2101,0,0,3,5,2,0,1,2,2,0,5,14,1,0,2,10,3,0,0
2102,0,0,2,6,1,0,3,1,1,0,4,16,1,0,2,9,4,0,0
2103,0,0,2,5,1,0,3,1,1,0,5,16,1,0,2,8,3,2,0
2104,0,0,2,5,1,0,2,1,2,0,4,16,1,0,2,8,3,3,0
2105,0,0,3,4,1,0,2,1,1,0,6,15,1,0,2,9,4,1,0
2106,0,0,2,4,1,0,2,1,2,0,6,15,1,0,2,11,2,1,0
2107,0,0,3,4,1,0,2,1,1,0,6,16,1,0,2,9,3,1,0
2108,0,0,1,5,1,0,2,2,1,0,5,15,1,0,2,10,3,2,0
2109,0,0,2,5,1,0,3,2,1,0,4,15,1,0,2,11,2,1,0
2110,0,0,2,4,2,0,4,0,2,0,7,15,1,0,2,8,3,0,0
2111,0,0,2,4,2,0,2,0,1,0,7,15,1,0,2,11,3,0,0
2112,0,0,2,4,1,0,2,0,1,0,7,15,1,0,3,11,3,0,0
2113,0,0,2,4,1,0,2,0,1,0,7,15,1,0,2,11,3,1,0
2114,0,0,2,4,1,0,2,0,1,0,7,16,1,0,2,11,3,0,0
2115,0,0,2,4,3,0,2,0,1,0,7,17,1,0,2,10,1,0,0
2116,0,0,2,6,1,0,1,0,1,0,8,16,1,0,2,11,1,0,0
2117,0,0,2,5,1,0,3,0,1,0,5,19,0,0,2,11,1,0,0
2118,0,0,1,5,1,0,3,0,1,0,6,19,1,0,2,8,3,0,0
2119,0,0,2,5,1,0,2,0,1,0,7,18,1,0,2,8,3,0,0
2120,0,0,1,5,1,0,2,1,1,0,6,17,2,0,2,8,3,1,0
2121,0,0,2,5,1,0,2,0,2,0,7,18,1,0,2,7,2,1,0
2122,0,0,2,5,2,0,2,0,2,0,7,17,1,0,2,6,2,2,0
2123,0,0,2,6,2,0,3,0,2,0,7,16,1,0,2,6,2,1,0
2124,0,0,4,5,3,0,2,0,1,0,7,15,1,0,2,7,2,1,0
2125,0,0,1,5,3,0,2,0,1,0,8,16,1,0,2,8,2,1,0
2126,0,0,0,5,4,0,2,0,1,0,7,18,1,0,2,6,2,2,0
2127,0,0,0,5,3,0,3,0,2,0,5,18,1,0,2,6,2,2,1
2128,0,0,1,5,2,0,2,1,2,0,8,15,1,0,1,8,2,2,0
2129,0,0,0,6,1,0,2,1,2,0,7,18,1,0,1,7,2,2,0
2130,0,0,1,6,2,0,2,1,1,0,7,17,1,0,1,7,2,2,0
2131,0,0,1,5,2,0,2,1,1,0,7,18,1,0,1,7,2,2,0
2132,0,0,2,5,2,0,2,1,1,0,7,18,1,0,1,6,2,2,0
2133,0,0,2,4,1,0,2,1,1,0,6,19,0,0,2,7,2,3,0
2134,0,0,2,4,2,0,2,1,0,0,9,18,0,0,2,6,1,3,0
2135,0,0,1,4,2,0,2,1,1,0,8,18,1,0,2,7,1,2,0
2136,0,0,2,4,2,0,3,1,1,0,8,17,0,0,2,7,1,2,0
2137,0,0,2,4,2,0,3,1,1,0,8,18,0,0,2,6,1,2,0
2138,0,0,2,5,2,0,3,1,0,0,10,16,1,0,2,6,0,2,0
2139,0,0,2,5,2,0,2,1,0,0,9,17,0,0,2,7,1,2,0
2140,0,0,2,6,2,0,2,1,0,0,8,19,0,0,2,6,0,2,0
2141,0,0,1,6,2,0,2,1,0,0,8,18,0,0,1,7,0,4,0
2142,0,0,1,5,3,0,2,1,0,0,9,18,0,0,1,7,0,3,0
2143,0,0,1,7,3,0,2,1,0,0,9,18,0,0,1,7,0,1,0
2144,0,0,3,8,2,0,2,1,0,0,8,17,0,0,1,6,0,2,0
2145,0,0,1,7,1,0,2,2,1,0,9,16,1,0,1,6,0,3,0
2146,0,0,2,7,1,0,2,1,0,0,9,17,1,0,1,6,2,1,0
2147,0,0,0,7,1,0,2,1,0,0,10,17,1,0,1,7,2,1,0
2148,0,0,1,6,1,0,2,2,0,0,11,18,1,0,1,5,1,1,0
2149,0,0,2,6,1,0,2,2,0,0,9,17,2,0,1,6,1,1,0
2150,0,0,1,6,1,0,2,2,0,0,11,18,2,0,1,4,1,1,0
2151,0,0,2,6,1,0,2,2,0,0,9,16,2,0,0,6,2,2,0
2152,0,0,2,6,1,0,2,2,0,0,9,16,2,0,0,6,2,2,0
2153,0,0,2,5,1,0,2,2,0,0,9,16,2,0,1,6,2,2,0
2154,0,0,1,5,1,0,1,2,0,0,8,17,2,0,1,8,2,2,0
2155,0,0,1,6,0,0,1,1,0,0,9,16,2,0,1,9,2,2,0
2156,0,0,0,5,0,0,1,2,0,0,7,17,2,0,1,9,2,4,0
2157,0,0,0,5,0,0,1,1,0,0,9,16,2,0,1,9,2,4,0
2158,0,0,0,6,0,0,2,1,0,0,8,17,2,0,0,8,2,4,0
2159,0,0,0,7,0,0,1,1,0,0,9,15,2,0,0,8,2,5,0
2160,0,0,0,7,0,0,1,1,0,0,8,15,2,0,0,9,2,5,0
2161,0,0,0,8,1,0,1,1,0,0,7,16,2,0,1,7,2,4,0
2162,0,0,0,8,1,0,1,1,0,0,7,16,2,0,1,6,2,5,0
2163,0,0,0,7,1,0,1,1,0,0,7,18,2,0,1,7,2,3,0
2164,0,0,1,7,1,0,1,1,0,0,7,15,2,0,2,7,2,4,0
2165,0,0,1,7,2,0,2,0,0,0,8,15,2,0,2,5,2,4,0
2166,0,0,1,7,2,0,2,0,0,0,8,15,2,0,1,7,2,3,0
2167,0,0,1,7,1,0,2,0,0,0,8,16,2,0,1,6,2,4,0
2168,0,0,0,7,2,0,2,0,0,0,8,15,2,0,0,8,2,4,0
2169,0,0,1,6,1,0,2,0,0,0,8,16,2,0,0,8,2,4,0
2170,0,0,0,7,3,0,2,0,0,0,7,15,2,0,0,9,2,3,0
2171,0,0,1,7,2,0,2,0,0,0,6,17,2,0,1,7,2,3,0
2172,0,0,1,7,1,0,2,0,0,0,6,18,2,0,1,8,1,3,0
2173,0,0,2,7,2,0,0,0,0,0,7,18,2,0,2,7,1,2,0
2174,0,0,0,7,2,0,0,0,0,0,7,18,2,0,2,8,1,3,0
2175,0,0,0,7,2,0,0,0,0,0,9,17,2,0,2,6,2,3,0
2176,0,0,0,7,2,0,0,0,0,0,9,16,2,0,1,9,1,3,0
2177,0,0,1,6,2,0,0,0,0,0,9,13,2,0,2,11,1,3,0
2178,0,0,0,7,2,0,0,0,1,0,9,13,2,0,1,11,1,3,0
2179,0,0,1,6,2,0,1,0,1,0,10,12,2,0,2,9,1,3,0
2180,0,0,1,6,2,0,0,0,1,0,10,13,2,0,2,9,1,3,0
2181,0,0,1,5,2,0,1,0,1,0,9,13,2,0,1,11,1,3,0
2182,0,0,1,7,2,0,1,0,1,0,10,10,2,0,1,11,1,3,0
2183,0,0,1,5,2,0,1,0,1,0,10,12,2,0,2,10,1,3,0
2184,0,0,1,6,2,0,1,0,1,0,7,13,1,0,2,11,0,5,0
2185,0,0,0,6,2,0,1,1,1,0,8,13,1,0,2,11,0,4,0
2186,0,0,1,5,2,0,1,1,1,0,8,13,1,0,2,10,1,4,0
2187,0,0,1,5,2,0,1,1,2,0,8,11,1,0,2,13,0,3,0
2188,0,0,1,5,1,0,1,1,1,0,9,12,1,0,2,11,1,4,0
2189,0,0,1,3,1,0,2,2,1,0,9,12,1,0,2,12,1,3,0
2190,0,0,1,4,1,0,2,2,1,0,8,12,2,0,1,12,1,3,0
2191,0,0,1,4,2,0,2,1,1,0,8,13,1,0,2,12,1,2,0
2192,0,0,1,4,2,0,2,1,1,0,8,14,2,0,2,10,1,2,0
2193,0,0,1,4,2,0,2,1,1,0,10,14,2,0,2,8,1,2,0
2194,0,0,0,4,2,0,2,1,1,0,9,13,2,0,3,9,1,3,0
2195,0,0,0,4,2,0,2,1,1,0,9,12,2,0,2,11,1,3,0
2196,0,0,0,5,2,0,2,0,1,0,8,12,3,0,2,9,1,4,1
2197,0,0,0,5,2,0,2,0,1,0,8,13,3,0,2,8,1,4,1
2198,0,0,0,4,2,0,2,1,2,0,9,12,3,0,1,9,1,4,0
2199,0,0,0,5,2,0,2,0,2,0,9,11,3,0,2,8,2,4,0
2200,0,0,0,5,2,0,2,2,2,0,8,12,3,0,1,7,2,4,0
2201,0,0,0,6,3,0,3,2,1,0,8,12,3,0,1,6,1,4,0
2202,0,0,0,6,3,0,3,2,2,0,7,12,3,0,1,8,1,2,0
2203,0,0,0,6,3,0,2,2,1,0,9,14,2,0,0,7,1,2,1
2204,0,0,0,6,3,0,2,2,1,0,10,10,2,0,1,8,1,3,1
2205,0,0,0,5,3,0,2,2,1,0,10,12,2,0,1,7,1,3,1
2206,0,0,0,5,3,0,2,3,1,0,9,14,2,0,1,6,1,2,1
2207,0,0,0,5,3,0,3,2,1,0,10,14,3,0,0,5,1,2,1
2208,0,0,0,5,3,0,2,2,2,0,9,14,3,0,0,6,0,3,1
2209,0,0,0,5,3,0,2,1,2,0,10,15,2,0,0,6,0,3,1
2210,0,0,0,6,3,0,1,1,3,0,11,13,1,0,0,7,0,3,1
2211,0,0,0,6,3,0,2,2,3,0,11,10,2,0,0,8,0,3,0
2212,0,0,0,6,4,0,2,2,2,0,11,11,2,0,0,7,0,3,0
2213,0,0,0,5,4,0,2,3,2,0,10,11,2,0,0,7,0,4,0
2214,0,0,0,4,4,0,2,3,3,0,9,12,2,0,0,6,0,5,0
2215,0,0,1,4,4,0,2,3,3,0,10,11,2,0,0,5,0,5,0
2216,0,0,0,5,4,0,2,3,3,0,9,10,2,0,0,7,1,4,0
2217,0,0,0,4,3,0,1,3,3,0,11,12,2,0,0,6,1,4,0
2218,0,0,0,5,3,0,2,2,2,0,11,12,2,0,0,6,1,4,0
2219,0,0,0,5,3,0,3,3,2,0,10,12,1,0,0,6,1,4,0
2220,0,0,0,4,3,0,2,3,2,0,12,12,1,0,0,6,1,4,0
2221,0,0,1,4,3,0,2,2,2,0,11,15,1,0,0,5,1,3,0
2222,0,0,1,4,4,0,2,1,2,0,10,13,1,0,0,6,2,4,0
2223,0,0,1,4,5,0,2,3,2,0,10,13,1,0,0,5,1,3,0
2224,0,0,1,4,5,0,3,3,2,0,8,12,1,0,0,5,2,4,0
2225,0,0,1,3,5,0,2,3,2,0,10,12,1,0,0,5,2,4,0
2226,0,0,1,4,5,0,2,1,2,0,11,13,1,0,0,5,2,3,0
2227,0,0,1,4,5,0,2,2,2,0,11,13,1,0,0,6,1,2,0
2228,0,0,0,5,5,0,2,1,3,0,8,15,1,0,0,5,2,3,0
2229,0,0,0,5,5,0,2,1,2,0,8,15,1,0,0,6,2,3,0
2230,0,0,0,4,5,0,2,1,2,0,9,15,1,0,0,5,2,4,0
2231,0,0,0,5,4,0,2,1,3,0,9,16,1,0,0,5,2,2,0
2232,0,0,0,4,4,0,2,2,2,0,8,17,1,0,0,5,2,3,0
2233,0,0,0,4,4,0,2,1,2,0,8,17,1,0,0,6,2,3,0
2234,0,0,0,4,4,0,2,1,2,0,8,18,1,0,0,6,2,2,0
2235,0,0,0,4,5,0,2,0,2,0,7,20,1,0,0,5,2,2,0
2236,0,0,0,4,4,0,2,0,2,0,7,18,1,0,0,7,2,3,0
2237,0,0,0,3,5,0,1,0,2,0,8,17,1,0,0,8,2,3,0
2238,0,0,0,2,4,0,2,1,1,0,9,16,1,0,0,9,2,3,0
2239,0,0,0,3,3,0,2,1,2,0,8,15,1,0,0,10,2,3,0
2240,0,0,0,2,4,0,1,1,2,0,8,16,2,0,0,9,2,3,0
2241,0,0,0,2,3,0,2,0,2,0,8,17,1,0,0,10,2,3,0
2242,0,0,0,1,3,0,2,0,2,0,8,17,0,0,0,11,2,3,1
2243,0,0,0,1,4,0,2,0,1,0,9,16,0,0,0,11,2,3,1
2244,0,0,0,2,3,0,2,0,2,0,9,16,0,0,0,10,2,3,1
2245,0,0,0,3,3,0,2,1,0,0,9,17,0,0,0,9,2,3,1
2246,0,0,0,5,2,0,2,1,0,0,7,18,0,0,0,9,2,3,1
2247,0,0,0,4,2,0,2,1,0,0,7,18,0,0,0,10,2,3,1
2248,0,0,0,4,2,0,2,1,0,0,6,19,0,0,0,10,2,3,1
2249,0,0,0,3,2,0,2,1,0,0,8,17,0,0,0,11,2,3,1
2250,0,0,0,4,2,0,1,1,0,0,7,18,1,0,0,10,2,3,1
2251,0,0,0,4,3,0,1,1,0,0,7,17,1,0,0,11,2,2,1
2252,0,0,0,4,2,0,1,0,0,0,7,17,1,0,0,13,2,2,1
2253,0,0,0,4,2,0,1,0,0,0,8,18,0,0,0,13,2,2,0
2254,0,0,0,4,2,0,1,0,0,0,9,17,0,0,0,12,2,3,0
2255,0,0,0,4,2,0,1,0,0,0,8,17,0,0,0,12,2,4,0
2256,0,0,0,4,2,0,1,0,0,0,9,16,0,0,0,14,2,2,0
2257,0,0,0,3,4,0,1,0,0,0,11,15,0,0,0,13,1,2,0
2258,0,0,0,3,4,0,1,0,0,0,11,16,0,0,0,11,2,2,0
2259,0,0,0,4,3,0,1,0,0,0,9,17,0,0,0,12,2,2,0
2260,0,0,1,3,4,0,1,0,0,0,8,17,0,0,0,12,2,2,0
2261,0,0,1,4,4,0,1,0,0,0,7,17,0,0,0,11,2,2,1
2262,0,0,1,4,3,0,1,0,0,0,8,18,0,0,0,11,2,2,0
2263,0,0,1,2,3,0,0,0,0,0,9,19,0,0,0,11,2,3,0
2264,0,0,1,3,3,0,0,0,0,0,7,19,0,0,0,12,2,3,0
2265,0,0,1,2,3,0,0,0,0,0,8,19,0,0,0,12,2,3,0
2266,0,0,0,2,4,0,0,1,0,0,9,16,0,0,0,12,3,3,0
2267,0,0,1,2,4,0,0,1,0,0,9,16,0,0,0,10,4,3,0
2268,0,0,1,2,4,0,2,2,0,0,6,15,0,0,0,11,3,4,0
2269,0,0,2,2,4,0,2,1,0,0,6,15,0,0,0,11,3,4,0
2270,0,0,2,2,4,0,2,1,0,0,6,15,0,0,0,10,3,5,0
2271,0,0,2,3,4,0,2,0,0,0,7,14,0,0,0,11,3,4,0
2272,0,0,2,2,4,0,1,0,0,0,7,14,0,0,0,10,3,7,0
2273,0,0,1,3,4,0,1,1,0,0,8,14,0,0,0,11,2,5,0
2274,0,0,3,2,4,0,0,2,0,0,6,13,0,0,0,10,3,7,0
2275,0,0,1,3,4,0,0,3,0,0,6,15,0,0,0,10,3,5,0
2276,0,0,3,4,4,0,0,2,0,0,6,13,0,0,0,9,3,6,0
2277,0,0,2,4,4,0,0,2,0,0,6,14,0,0,0,10,4,4,0
2278,0,0,2,4,4,0,0,2,0,0,5,16,1,0,0,9,3,4,0
2279,0,0,2,4,4,0,0,2,0,0,4,16,1,0,0,10,3,4,0
2280,0,0,2,3,4,0,0,2,0,0,5,15,0,0,0,10,4,5,0
2281,0,0,2,3,4,0,0,2,0,0,7,14,0,0,0,9,4,5,0
2282,0,0,1,3,4,0,1,0,1,0,7,14,0,0,0,11,4,4,0
2283,0,0,1,3,4,0,2,1,1,0,6,14,0,0,0,11,3,4,0
2284,0,0,1,3,4,0,2,1,2,0,5,14,0,0,0,10,4,4,0
2285,0,0,0,3,4,0,0,2,1,0,6,17,0,0,0,10,3,4,0
2286,0,0,0,3,5,0,0,2,1,0,5,16,1,0,0,10,3,4,0
2287,0,0,0,3,4,0,0,2,1,0,5,15,1,0,0,11,4,4,0
2288,0,0,0,4,4,0,0,2,2,0,5,15,1,0,0,9,3,5,0
2289,0,0,0,4,4,0,0,2,1,0,5,16,1,0,0,10,3,4,0
2290,0,0,1,5,4,0,1,2,1,0,5,16,0,0,0,8,3,4,0
2291,0,0,2,4,3,0,0,2,1,0,7,16,0,0,0,8,3,4,0
2292,0,0,1,4,3,0,0,1,1,0,7,19,0,0,0,7,3,4,0
2293,0,0,0,4,4,0,0,1,2,0,6,19,0,0,0,7,3,4,0
2294,0,0,1,2,3,0,1,2,2,0,7,18,0,0,0,7,3,4,0
2295,0,0,0,3,3,0,1,1,1,0,6,18,0,0,0,8,3,6,0
2296,0,0,1,3,4,0,1,1,1,0,7,18,0,0,0,8,2,4,0
2297,0,0,1,3,4,0,1,1,0,0,7,19,0,0,0,7,3,4,0
2298,0,0,1,3,3,0,1,1,0,0,5,20,0,0,0,9,3,4,0
2299,0,0,1,3,3,0,1,1,0,0,8,17,0,0,0,9,3,4,0
2300,0,0,1,3,3,0,1,1,0,0,6,17,0,0,0,10,3,5,0
2301,0,0,1,4,3,0,1,2,0,0,5,16,0,0,0,12,2,4,0
2302,0,0,1,3,3,0,1,2,0,0,6,16,0,0,0,11,2,5,0
2303,0,0,1,3,3,0,1,2,0,0,7,16,0,0,0,11,2,4,0
2304,0,0,1,3,3,0,1,2,0,0,8,16,0,0,0,10,1,5,0
2305,0,0,1,3,4,0,1,2,1,0,7,16,0,0,0,10,1,4,0
2306,0,0,1,3,4,0,1,2,1,0,5,17,0,0,0,11,1,4,0
2307,0,0,1,3,4,0,1,2,0,0,6,17,0,0,0,13,0,3,0
2308,0,0,1,3,4,0,1,2,1,0,8,16,0,0,0,10,0,4,0
2309,0,0,1,3,4,0,1,2,1,0,6,16,0,0,0,11,1,4,0
2310,0,0,1,3,4,0,1,4,0,0,5,16,0,0,0,11,0,5,0
2311,0,0,1,3,4,0,1,4,0,0,5,16,0,0,0,11,0,5,0
2312,0,0,1,3,3,0,1,4,0,0,6,17,0,0,0,10,1,4,0
2313,0,0,1,3,3,0,1,3,1,0,6,17,0,0,0,9,2,4,0
2314,0,0,1,3,2,0,1,3,0,0,7,17,0,0,0,10,2,4,0
2315,0,0,1,3,2,0,0,3,0,0,8,14,0,0,0,12,2,5,0
2316,0,0,0,3,2,0,0,4,0,0,7,16,0,0,0,12,1,5,0
2317,0,0,1,3,2,0,0,4,0,0,8,14,0,0,0,11,2,5,0
2318,0,0,0,3,2,0,0,3,0,0,8,16,0,0,0,11,2,5,0
2319,0,0,0,3,2,0,0,3,0,0,9,16,0,0,0,11,2,4,0
2320,0,0,0,3,3,0,0,3,0,0,9,15,0,0,0,11,1,5,0
2321,0,0,0,3,3,0,0,3,0,0,10,14,0,0,0,11,2,4,0
2322,0,0,0,3,3,0,0,2,0,0,10,14,0,0,0,11,2,5,0
2323,0,0,0,3,3,0,1,3,0,0,10,13,0,0,0,9,3,5,0
2324,0,0,0,3,3,0,1,3,0,0,10,14,0,0,0,9,3,4,0
2325,0,0,0,3,3,0,1,3,0,0,10,16,0,0,0,9,1,4,0
2326,0,0,0,3,3,0,1,4,0,0,10,13,0,0,0,9,3,4,0
2327,0,0,0,4,2,0,1,4,0,0,10,15,0,0,0,7,3,4,0
2328,0,0,0,3,3,0,1,3,0,0,10,14,0,0,0,9,3,4,0
2329,0,0,0,3,3,0,1,3,0,0,11,14,0,0,0,8,3,4,0
2330,0,0,0,3,3,0,0,3,0,0,11,14,0,0,0,10,1,5,0
2331,0,0,0,2,4,0,1,3,0,0,11,15,0,0,0,8,1,5,0
2332,0,0,0,2,4,0,1,2,0,0,10,16,0,0,0,9,1,5,0
2333,0,0,0,2,4,0,1,3,0,0,10,15,0,0,0,9,2,4,0
2334,0,0,0,3,4,0,1,2,0,0,10,17,0,0,0,8,2,3,0
2335,0,0,0,3,3,0,2,3,0,0,10,14,0,0,0,8,2,5,0
2336,0,0,0,3,4,0,2,3,0,0,10,16,0,0,0,6,1,5,0
2337,0,0,0,2,4,0,2,3,0,0,10,14,0,0,0,8,1,6,0
2338,0,0,0,3,4,0,2,3,0,0,11,14,0,0,0,6,1,6,0
2339,0,0,0,2,4,0,2,3,0,0,10,16,0,0,0,6,0,7,0
2340,0,0,0,2,4,0,2,1,0,0,12,15,0,0,0,7,0,7,0
2341,0,0,0,2,4,0,2,4,0,0,11,12,0,0,0,7,2,6,0
2342,0,0,0,2,4,0,2,3,0,0,9,14,0,0,0,7,2,7,0
2343,0,0,0,4,4,0,2,4,0,0,10,14,0,0,0,4,2,6,0
2344,0,0,0,4,4,0,2,3,0,0,11,14,0,0,0,4,2,6,0
2345,0,0,0,5,4,0,2,3,0,0,11,15,0,0,0,3,1,6,0
2346,0,0,0,4,4,0,2,3,1,0,10,16,0,0,0,3,2,5,0
2347,0,0,0,4,4,0,1,3,0,0,10,16,0,0,0,5,2,5,0
2348,0,0,0,4,4,0,1,3,0,0,10,16,0,0,0,5,2,5,0
2349,0,0,0,3,4,0,1,3,0,0,10,16,0,0,0,5,3,5,0
2350,0,0,0,4,4,0,1,3,0,0,10,15,0,0,0,7,1,5,0
2351,0,0,0,3,4,0,1,3,0,0,11,14,0,0,0,7,2,5,0
2352,0,0,0,3,4,0,1,3,0,0,11,17,0,0,0,4,1,6,0
2353,0,0,0,2,4,0,1,3,0,0,10,17,0,0,0,7,1,5,0
2354,0,0,0,2,4,0,1,3,0,0,10,17,0,0,0,6,1,6,0
2355,0,0,0,2,4,0,1,3,0,1,10,18,0,0,0,6,1,4,0
2356,0,0,0,2,4,0,1,3,0,0,10,16,0,0,0,7,1,6,0
2357,0,0,0,2,5,0,1,3,0,0,9,15,0,0,0,8,1,6,0
2358,0,0,0,2,4,0,1,4,0,0,10,14,0,0,0,7,1,7,0
2359,0,0,0,1,6,0,1,2,0,0,11,17,0,0,0,6,1,5,0
2360,0,0,0,1,6,0,1,3,0,1,9,16,0,0,0,8,1,4,0
2361,0,0,0,2,7,0,1,4,0,1,10,13,1,0,0,6,1,4,0
2362,0,0,1,1,6,0,1,4,0,1,11,12,1,0,0,6,1,5,0
2363,0,0,1,1,6,0,1,4,0,1,10,13,1,0,0,6,1,5,0
2364,0,0,1,1,6,0,1,4,1,1,8,14,1,0,0,5,1,6,0
2365,0,0,1,1,5,0,1,3,1,1,8,15,1,0,0,6,1,6,0
2366,0,0,1,2,6,0,1,2,1,0,8,16,1,0,0,7,1,4,0
2367,0,0,1,2,6,0,1,2,0,1,6,17,0,0,0,8,1,5,0
2368,0,0,1,1,6,0,1,2,0,0,7,17,0,0,0,8,2,5,0
2369,0,0,2,2,5,0,1,2,0,0,7,16,0,0,0,8,1,6,0
2370,0,0,2,3,4,0,1,2,0,0,6,17,0,0,0,8,2,5,0
2371,0,0,1,3,4,0,1,3,1,0,6,16,0,0,0,8,2,5,0
2372,0,0,1,3,5,0,1,3,0,0,7,16,0,0,0,8,1,5,0
2373,0,0,1,1,5,0,1,3,0,0,8,14,0,0,0,9,2,6,0
2374,0,0,1,1,5,0,1,3,1,1,9,13,0,0,1,8,1,5,0
2375,0,0,1,1,6,0,2,2,1,1,6,14,1,0,0,9,2,4,0
2376,0,0,1,2,5,0,1,3,1,1,9,13,1,0,0,8,2,3,0
2377,0,0,1,2,5,0,1,4,1,1,10,12,0,0,0,9,2,2,0
2378,0,0,1,2,4,0,1,3,1,1,9,16,0,0,1,8,1,2,0
2379,0,0,1,1,4,0,1,2,1,1,10,15,0,0,0,9,1,4,0
2380,0,0,2,1,4,0,1,2,0,1,7,15,0,0,1,11,1,4,0
2381,0,0,2,1,3,0,1,2,1,1,4,16,0,0,1,12,1,5,0
2382,0,0,1,1,5,0,1,2,1,0,6,17,0,0,0,12,1,3,0
2383,0,0,1,1,4,0,1,2,0,0,6,17,0,0,1,13,1,3,0
2384,0,0,2,1,4,0,1,4,0,0,4,15,1,0,1,13,1,3,0
2385,0,0,2,1,4,0,1,2,1,0,5,15,0,0,0,13,1,5,0
2386,0,0,2,1,4,0,1,2,1,0,4,15,1,0,1,13,1,4,0
2387,0,0,2,2,6,0,1,1,1,0,5,14,1,0,0,11,1,5,0
2388,0,0,2,3,5,0,1,1,0,0,4,16,1,0,1,10,1,5,0
2389,0,0,1,3,5,0,1,1,1,0,4,16,1,0,1,9,1,6,0
2390,0,0,1,4,5,0,1,0,1,0,4,15,0,0,1,13,1,4,0
2391,0,0,1,2,5,0,1,1,1,0,4,15,1,0,1,11,1,6,0
2392,0,0,1,2,3,0,1,1,1,0,4,15,1,0,1,13,1,6,0
2393,0,0,1,3,4,0,1,0,1,0,4,14,2,0,0,13,1,6,0
2394,0,0,0,3,3,0,1,1,1,0,4,15,1,0,1,13,1,6,0
2395,0,0,0,2,3,0,1,1,1,0,5,17,1,0,1,12,1,5,0
2396,0,0,0,3,3,0,1,1,2,0,5,16,0,0,1,12,1,5,0
2397,0,0,0,3,3,0,1,1,2,0,5,14,0,0,1,12,1,7,0
2398,0,0,0,3,4,0,1,1,2,1,5,13,0,0,1,11,1,7,0
2399,0,0,0,3,4,0,1,1,3,0,5,13,0,0,1,12,1,6,0
2400,0,0,0,3,4,0,1,1,1,0,5,13,0,0,1,13,1,7,0
2401,0,0,0,2,4,0,2,1,1,0,6,11,1,0,1,11,1,9,0
2402,0,0,0,3,4,0,1,1,1,0,6,12,1,0,1,12,1,7,0
2403,0,0,0,2,4,0,1,1,1,1,5,13,0,0,1,12,1,8,0
2404,0,0,0,1,4,0,1,1,1,1,5,15,1,0,1,10,1,8,0
2405,0,0,0,1,3,0,1,2,1,1,7,16,1,0,1,9,1,6,0
2406,0,0,0,2,3,0,1,2,1,1,6,15,1,0,1,11,1,5,0
2407,0,0,0,1,2,0,2,2,1,0,7,14,1,0,1,10,2,7,0
2408,0,0,0,1,2,0,2,2,2,0,7,14,1,0,1,10,1,7,0
2409,0,0,0,1,2,0,2,2,2,0,7,13,1,0,1,11,0,8,0
2410,0,0,0,2,1,0,2,2,1,0,7,13,1,0,2,12,0,7,0
2411,0,0,0,3,0,0,2,2,1,0,6,11,1,0,2,13,1,8,0
2412,0,0,0,2,1,0,2,2,1,0,7,10,1,0,2,12,1,9,0
2413,0,0,0,2,0,0,2,2,1,0,8,10,1,0,2,13,1,8,0
2414,0,0,0,2,1,0,2,2,1,0,8,9,1,0,2,12,1,9,0
2415,0,0,0,2,3,0,2,2,1,0,6,10,0,0,2,14,1,7,0
2416,0,0,0,1,2,0,2,2,1,0,7,10,0,0,1,16,1,7,0
2417,0,0,0,1,3,0,2,2,1,0,7,10,0,0,1,14,1,8,0
2418,0,0,0,2,3,0,2,2,1,0,7,11,0,0,1,12,1,8,0
2419,0,0,0,2,4,0,2,2,1,0,7,9,0,0,1,14,1,7,0
2420,0,0,0,2,3,0,2,1,1,0,9,9,0,0,1,13,1,8,0
2421,0,0,0,1,3,0,2,2,2,0,8,9,0,0,1,13,1,8,0
2422,0,0,0,2,3,0,2,2,1,0,7,9,0,0,1,14,1,8,0
2423,0,0,0,1,3,0,2,3,2,0,9,10,0,0,1,11,1,7,0
2424,0,0,0,2,3,0,2,3,2,0,8,10,0,0,1,10,1,8,0
2425,0,0,0,2,4,0,2,3,2,0,8,10,0,0,1,11,1,6,0
2426,0,0,0,2,4,0,2,3,1,0,8,12,0,0,1,10,1,6,0
2427,0,0,0,2,4,0,2,3,2,1,7,10,0,0,1,12,1,5,0
2428,0,0,1,2,5,0,2,3,2,1,7,10,0,0,1,10,1,5,0
2429,0,0,1,2,5,0,2,3,2,0,6,11,0,0,1,11,1,5,0
2430,0,0,1,2,6,0,2,3,1,1,7,8,0,0,1,12,1,5,0
2431,0,0,0,2,6,0,2,3,1,1,6,10,0,0,0,13,1,5,0
2432,0,0,0,2,6,0,2,3,1,1,7,10,0,0,0,14,0,4,0
2433,0,0,0,2,6,0,2,3,1,1,6,10,0,0,0,13,0,6,0
2434,0,0,0,2,6,0,2,3,1,0,7,11,0,0,0,13,0,5,0
2435,0,0,0,2,7,0,2,3,1,0,7,10,0,0,0,13,0,5,0
2436,0,0,0,1,6,0,3,3,1,0,9,12,0,0,0,10,0,5,0
2437,0,0,0,1,7,0,2,3,1,0,9,13,0,0,0,9,0,5,0
2438,0,0,0,0,7,0,2,3,1,0,10,12,0,0,0,9,0,6,0
2439,0,0,0,0,8,0,2,3,1,0,10,11,0,0,0,10,0,5,0
2440,0,0,0,0,8,0,2,3,1,0,9,12,0,0,0,9,0,6,0
2441,0,0,0,0,8,0,2,3,1,0,9,12,0,0,0,9,0,6,0
2442,0,0,0,0,7,0,1,3,1,1,10,11,0,0,0,10,0,6,0
2443,0,0,0,1,7,0,1,3,1,1,9,11,0,0,0,10,0,6,0
2444,0,0,0,0,7,0,1,3,1,1,11,11,0,0,0,10,0,5,0
2445,0,0,0,0,7,0,2,3,1,1,11,10,0,0,0,10,0,5,0
2446,0,0,0,0,7,0,1,4,2,1,13,10,0,0,0,8,0,4,0
2447,0,0,0,0,7,0,0,2,2,1,12,10,0,0,0,11,1,4,0
2448,0,0,1,0,7,0,0,4,2,1,10,11,0,0,0,8,0,6,0
2449,0,0,1,0,7,0,0,5,1,1,10,9,0,0,0,11,0,5,0
2450,0,0,1,0,7,0,1,4,1,1,10,10,0,0,1,9,0,5,0
2451,0,0,1,0,7,0,0,3,1,1,10,11,0,0,0,10,1,5,0
2452,0,0,0,0,7,0,0,4,1,1,13,11,0,0,0,8,0,5,0
2453,0,0,1,0,7,0,1,5,1,1,11,11,0,0,1,7,0,4,0
2454,0,0,0,0,7,0,0,4,1,1,11,11,0,0,1,9,0,5,0
2455,0,0,1,0,6,0,0,4,1,1,9,12,1,0,0,10,0,5,0
2456,0,0,1,1,6,0,0,3,2,1,9,13,0,0,0,10,0,4,0
2457,0,0,1,2,6,0,0,3,0,1,12,12,0,0,0,9,0,4,0
2458,0,0,1,2,6,0,0,4,1,1,11,13,0,0,1,7,0,3,0
2459,0,0,1,2,6,0,0,3,1,1,9,13,0,0,0,10,1,3,0
2460,0,0,2,1,6,0,0,5,1,1,8,15,0,0,0,7,1,3,0
2461,0,0,2,1,6,0,0,4,1,1,8,14,0,0,0,10,0,3,0
2462,0,0,2,1,6,0,0,5,1,1,7,15,0,0,0,9,0,3,0
2463,0,0,2,1,5,0,0,4,1,0,8,16,0,0,0,9,1,3,0
2464,0,0,2,1,5,0,0,4,1,1,8,15,1,0,0,8,1,3,0
2465,0,0,2,1,4,0,0,3,0,0,10,15,0,0,1,12,0,2,0
2466,0,0,2,1,4,0,0,2,0,0,10,15,0,0,1,12,1,2,0
2467,0,0,2,1,4,0,0,4,1,0,8,15,0,0,1,11,1,2,0
2468,0,0,2,1,4,0,0,3,1,0,10,15,0,0,1,10,1,2,0
2469,0,0,2,2,4,0,0,3,1,0,8,15,1,0,1,9,1,3,0
2470,0,0,2,1,4,0,0,5,0,0,9,13,0,0,1,10,2,3,0
2471,0,0,1,2,3,0,1,4,1,0,7,14,1,0,1,9,2,4,0
2472,0,0,2,2,3,0,1,3,1,0,7,14,0,0,1,10,2,4,0
2473,0,0,2,2,4,0,1,3,0,0,6,15,1,0,1,9,2,4,0
2474,0,0,2,2,5,0,1,3,0,0,6,14,1,0,1,10,1,4,0
2475,0,0,2,2,3,0,2,4,0,0,7,15,1,0,1,9,1,3,0
2476,0,0,2,2,4,0,2,3,1,0,9,14,1,0,1,8,2,1,0
2477,0,0,2,2,4,0,1,3,1,1,8,15,1,0,0,9,1,2,0
2478,0,0,2,2,4,0,2,2,1,1,8,17,0,0,0,9,1,1,0
2479,0,0,3,2,4,0,2,2,1,1,8,15,1,0,0,8,1,2,0
2480,0,0,3,2,5,0,1,3,1,1,6,14,1,0,0,9,2,2,0
2481,0,0,3,2,5,0,2,3,1,1,8,14,1,0,0,8,1,1,0
2482,0,0,3,1,4,0,2,3,1,1,8,15,1,0,0,9,1,1,0
2483,0,0,3,2,3,0,1,4,1,1,7,13,1,0,0,12,1,1,0
2484,0,0,3,2,3,0,1,4,1,1,8,14,1,0,0,9,1,2,0
2485,0,0,3,2,3,0,0,3,1,1,10,11,1,0,0,11,1,3,0
2486,0,0,3,2,3,0,0,4,1,1,9,12,1,0,0,10,1,3,0
2487,0,0,3,2,3,0,1,2,2,1,10,9,1,0,0,13,1,2,0
2488,0,0,3,2,4,0,1,3,2,1,10,7,1,0,0,12,1,3,0
2489,0,0,3,2,4,0,0,3,3,1,10,8,1,0,0,12,1,2,0
2490,0,0,3,2,4,0,0,3,3,1,9,9,1,0,0,11,1,3,0
2491,0,0,3,2,4,0,1,2,2,1,9,10,1,0,0,11,1,3,0
2492,0,0,3,2,4,0,0,1,2,1,10,11,1,0,0,10,2,3,0
2493,0,0,3,2,3,0,0,1,2,1,10,13,1,0,0,11,1,2,0
2494,0,0,3,3,3,0,0,2,2,1,9,11,1,0,0,11,1,3,0
2495,0,0,3,4,4,0,0,2,2,1,8,9,1,0,0,12,1,3,0
2496,0,0,2,3,3,0,0,2,2,1,8,10,1,0,0,14,1,3,0
2497,0,0,2,3,3,0,0,3,2,1,8,10,1,0,0,13,1,3,0
2498,0,0,2,4,3,0,1,3,1,1,9,10,1,0,0,12,1,2,0
2499,0,0,2,3,3,0,1,3,2,1,9,9,2,0,0,12,1,2,0
2500,0,0,2,3,3,0,1,3,2,1,8,9,1,0,0,12,1,4,0
2501,0,0,2,3,4,0,0,3,2,1,8,9,2,0,0,11,2,3,0
2502,0,0,1,2,4,0,0,4,2,1,10,10,1,0,0,11,2,2,0
2503,0,0,1,2,4,0,0,3,2,1,10,9,2,0,0,12,2,2,0
2504,0,0,1,2,4,0,0,4,2,0,10,11,1,0,0,11,2,2,0
2505,0,0,1,3,5,0,1,3,2,1,9,10,1,0,0,10,2,2,0
2506,0,0,1,3,5,0,1,3,2,1,8,11,1,0,0,10,2,2,0
2507,0,0,1,4,5,0,1,4,2,1,9,9,0,0,0,10,2,2,0
2508,0,0,1,3,5,0,2,4,2,1,8,10,0,0,0,11,1,2,0
2509,0,0,1,2,5,0,1,4,2,1,9,9,1,0,0,12,1,2,0
2510,0,0,1,3,5,0,1,4,2,1,9,11,1,0,0,8,2,2,0
2511,0,0,1,3,5,0,1,5,3,1,7,11,1,0,0,8,2,2,0
2512,0,0,1,2,5,0,1,5,3,1,7,11,1,0,0,7,2,4,0
2513,0,0,1,2,5,0,1,5,2,1,8,11,1,0,0,8,1,4,0
2514,0,0,1,2,4,0,1,4,3,1,10,10,0,0,0,9,1,4,0
2515,0,0,1,3,5,0,2,4,2,1,10,9,0,0,0,8,1,4,0
2516,0,0,1,3,5,0,2,4,2,1,9,10,0,0,0,10,1,2,0
2517,0,0,1,3,5,0,1,4,2,1,9,11,0,0,0,9,2,2,0
2518,0,0,1,3,5,0,1,3,2,1,9,11,0,0,0,9,2,3,0
2519,0,0,1,3,4,0,1,4,2,1,8,12,0,0,0,9,2,3,0
2520,0,0,1,4,4,0,0,4,1,1,9,12,0,0,0,8,2,4,0
2521,0,0,1,3,4,0,1,3,2,1,8,13,0,0,0,9,2,3,0
2522,0,0,1,3,4,0,1,3,2,1,8,12,0,0,0,10,1,4,0
2523,0,0,1,2,5,0,1,3,2,1,8,11,0,0,0,10,2,4,0
2524,0,0,1,3,5,0,1,4,2,1,9,9,0,0,0,10,1,4,0
2525,0,0,1,3,5,0,1,4,2,1,10,8,0,0,0,12,1,2,0
2526,0,0,1,2,5,0,1,3,2,1,11,8,0,0,0,11,2,3,0
2527,0,0,1,2,5,0,1,3,2,1,11,9,0,0,0,10,2,3,0
2528,0,0,1,2,5,0,1,3,2,1,10,9,0,0,0,10,2,4,0
2529,0,0,1,2,5,0,1,2,2,1,10,9,0,0,0,11,2,4,0
2530,0,0,1,2,5,0,1,2,2,1,9,9,0,0,0,13,2,3,0
2531,0,0,1,2,4,0,1,3,2,1,11,9,0,0,0,11,2,3,0
2532,0,0,1,2,5,0,1,3,2,1,10,10,0,0,0,11,2,2,0
2533,0,0,1,3,4,0,0,2,2,1,11,9,0,0,0,13,2,2,0
2534,0,0,1,2,4,0,0,3,2,1,11,11,0,0,0,11,2,2,0
2535,0,0,1,2,4,0,0,3,2,1,12,11,0,0,0,10,2,2,0
2536,0,0,2,1,4,0,0,2,2,1,11,12,0,0,0,10,3,2,0
2537,0,0,1,1,4,0,1,2,2,1,10,11,0,0,0,12,3,2,0
2538,0,0,2,2,4,0,0,2,2,1,11,13,0,0,0,8,3,2,0
2539,0,0,2,1,4,0,0,2,2,1,11,13,0,0,0,8,3,3,0
2540,0,0,2,1,3,0,0,3,2,1,11,12,0,0,0,8,4,3,0
2541,0,0,2,1,3,0,1,2,2,0,10,14,0,0,0,8,4,3,0
2542,0,0,2,3,4,0,0,2,2,1,10,12,0,0,0,8,3,3,0
2543,0,0,2,2,4,0,1,2,2,0,11,12,0,0,0,8,3,3,0
2544,0,0,2,2,4,0,1,2,2,0,12,13,0,0,0,6,3,3,0
2545,0,0,1,2,4,0,1,2,2,0,14,13,0,0,0,6,3,2,0
2546,0,0,1,2,4,0,1,2,2,0,13,12,1,0,0,7,3,2,0
2547,0,0,1,2,4,0,0,2,2,0,15,12,0,0,0,8,3,1,0
2548,0,0,1,2,4,0,1,2,2,0,14,12,0,0,0,7,2,3,0
2549,0,0,1,2,4,0,0,2,1,0,13,12,1,0,0,8,3,3,0
2550,0,0,1,2,4,0,1,2,1,0,13,12,0,0,0,9,3,2,0
2551,0,0,1,2,5,0,0,2,1,0,13,13,1,0,0,9,1,2,0
2552,0,0,1,2,4,0,1,2,1,0,14,12,0,0,0,7,4,2,0
2553,0,0,2,2,4,0,0,2,1,0,12,12,0,0,0,9,3,3,0
2554,0,0,2,2,3,0,0,3,1,0,13,12,0,0,0,6,3,5,0
